1,3,121,168,180,467,501,718,727,869,1185,1220,2188,3364,5237,7290
1,7,9,26,27,32,40,43,45,54,58,64,71,76,83,104,116,130,131,155,162,173,177,186,209,225,229,230,241,255,257,264,284,298,301,311,323,341,350,390,395,401,410,413,464,522,529,530,531,560,587,590,591,597,646,650,651,699,704,714,715,718,733,762,770,773,820,824,829,839,903,925,941,972,984,1108,1133,1135,1161,1214,1242,1280,1477,1521,1666,1695,1845,1953,2024,2142,2365,2366,2419,2809,2846,3020,3169,3484,3595,3641,3868,3907,5456,5798,6772,6788,6998,8656,8949
2,10,18,256,422,2206
2,3,22,33,49,121,155,157,301,959,1432,2187
2,8,10,29,42,43,58,63,76,104,116,154,178,248,530,590,609,773,804,1214,2815,3547
2,3,18,21,23,24,25,27,49,52,56
3,49,52,56,2952
3,68,191,194,205,595,718,887,1569,3550,4009
3,467
3,53,76,108,126,156,228,272,276,310,323,371,442,741,777,1111
3
3,49,173,818,2041
3,26,505
3,9,49,52,56,136,222
3,49,52,2021
3,39,44,49,52,56,64,115,130,233,255,264,287,303,401,424,505,682,1064,1338
3,52,73,989
3,104,375,468,531,824,826,1167,1280
3,7,35,40,65,93,113,150,268,310,494,657,1145,1325,1365,1599
3
3,115,122,658,6096
3,16,150,173,194,395,1135,1214,1435,2197
3,34,44,306,2927
3,131,2053,3418
3,49,52,53,56,287,447,595,648,834,992
3,12,34,41,51,75,197,202,218,252
4,63,131,138,264,271,1566
5,8,176,485,611,1676
6
6,352,494,867,1481
7,19,37,126,189,323,1695
7,39,85,109,122,160,172,177,194,221,229,230,238,330,451,471,544,804,808,839,969,1168,1283,1460,1765,1785,3635
7,19,34
8,78,186
8,14,19,54,55,72,83,100,130,131,161,179,209,223,229,237,257,265,289,337,518,529,559,826
9,425,611
9,96,105,2440
9,189,675,780
9,205,255,287,303,464,464,528,903,1338,2082,2236,2491,2817,4154,5287
9,30,174,354,387,531,1040,1252
11,38,45,94,301,321,467,4333
12,174
14,28,113,131,172,173,357,392,1434,2035
14,83,130,194,264,590,646,894,1280,7092
16,33,40,658
16,122,196,354,420,727,3293,8210
16,38,268,369,522,551,919,1639,1770,2281,4612
17,49,52,134,153,183,202,246,309,419,434,491,527,643,652,748,805,875,981,2038,2623,2901,3105,3289,3611,5060
19,37,155,161,255,287,354,496,953,1296,3216,4081
20,126,276,387,468,765,1411
20,108,316,655,728,789,863,971,1528,1918,8474
22,111,381
22,34,261,843,1067
26,35
28,60,62,100,122,301,321,397,531,682,997,1430,2379,3219,3585,6768,9966
29,38,125,353,354,559,714,1877,2032,2035
29,35,38,40,44,50,53,62,66,70,75,76,78,79,89,94,100,101,108,111,126,127,136,137,156,228,236,272,276,310,371,741,777,1111
30,212,457
30,54,65,201,213,337,495,959
30
30,41,330
30,61,104,174,453,757,1319,1815,2128,4438
31,111,1079,2015
34,124,745,7059
34
34,314,337,2415,3078
34
34,120,296,388,410,608,728,924,1481,2510,3511,4473,5617,6096
34,113,119
34,34,96,99
34,99
34,495
34,124,255,257,2229
34
34,315,464
34,41,49,73,183,206,254,309,319,345,369,388,423,447,506,595,607,981,1745,8526
34,299,578,1829,2928
34
34,572
34,187,519
34,455,548,5390
34,1317,1970
34,99,605
34,682
34,49,52,56,73,96,99,134,309,319,1425,2358,3968
34,44,91,96,99,394,834
34,51,88,96,99,105,147,149,164,166,197,525,655,683,732,1559,1861,2394,2529,2705,5322,5943,6658
35,38,70,75,150,371,595,606,850,1079,1283,2543,9006
35,115,137,255,305,397,463,516,681,682,1547,2302,2671,4081,8703
35,144,173,1021,1316,1338,2085,2543
36,94,403,614,887,899,1887
38,44,108,152,156,228,310,506,536,741,777,1111,1869,5324,6102
39,91,345,542,602,641,1286,1418,1463,1629,1931,2198,6129
40,145,170,411,1457,8007
40,61,256
40,654
40,44,122,166,174,256,869
40,123,357,2455
40,108,546,606,715,934,1011,1571,1877,2124,2408,2559,2860
44,152,156,898
44,86,108,595
44,107,114,217,223,225,263,306,399,447,635,674,692,741,777,908,952,955,1025,1369,1655,1789,1841,1843,2338,2980,3127,3238,3790,4677,4936,5480,9617
44,338,461,516,3574
44,152,2015
44,107,635
44,114,132,286,367,468,488,505,553,556,595,693,743,903,969,1248,1448,3036
44,107
45
45,111,371,431,1245,1354,2873,5747,7808
46,132,180,229,257,369,426,448,559,584,782,1272,1486,1682,2136,2566,2742,8195,9688
48,85,113,138,425,772
49,504,924,3090
50,72
51,68,91,163,183,206,252,280,392,666,837,1917,2457,2657,2734,2822,3045,4087,4318,8827
51,73,301,306,467,638,823,825,1257,3681,4169
51,53,134,153,183,202,249,309,319,351,607,1754
51,368,480,487,633,688
52,56,201,436,625,1311
52,56,187,234,1286
53,137,223,345,356,2007,7152
53,230,345,542,641,693,730,1089,2601,2646,2954,3243,3370,5632,9699
53,389,565,917,2871,2889
54
55,611,770,804,1079,1434,1503,1739,2236,2259,2274,3700,4902,6333,6751
56
56
61,94,123,295,693,959,2045
61
62,130,410,9965
65,637
66
67,78,108,123,136,156,228,310,315,777,1111,1806,3056,3156,5012
68,196,221,332,347
68
68,124,167,185,196,239,268,283,332,333,417,455,457,502,504,516,541,592,633,674,692,707,763,784,816,910,1059,1111,1393,1427,1484,1961,1974,2069,2093,2156,2177,2713,3139,3321,3482,3523,3747,4266,4469,4672,4698,4711,4726,4939,4996,5009,5310,5563,5754,6928,7438,7734,8565,9049,9732
69,108,201,1866
71,97,194
72,556,611,670,865,1208,1589,1900,2309,2352,4524
73,132,284,353,903,8099,9198
73,304,306,387,426,883,5006,7442,7968
73,284
73
73,482,1051
73,1575,7057
74,167,170,283,285,291,312,322,377,414,511,584,587,638,658,678,697,807,813,1009,1271,1395,1982,2180,2218,2700,2904,5518,6137
77,731,1955,2361
78,174,228,411,425,505,777,908,1248,1248,4009,6579
78,201
78,1481,1928,2035
81
82,107,108,120,156,163,167,182,183,185,207,228,252,261,269,310,312,314,316,324,332,355,363,377,389,438,451,481,509,535,559,584,593,598,634,647,677,692,746,756,761,836,947,984,987,991,1040,1072,1107,1259,1268,1271,1298,1399,1417,1430,1456,1460,1594,1711,1713,1720,1735,1748,1760,1791,1849,1863,1885,1894,1976,2056,2063,2069,2075,2151,2200,2279,2321,2435,2477,2601,2610,2618,2688,2932,2983,3179,3210,3238,3245,3270,3297,3321,3435,3813,4033,4158,4222,4529,4737,5033,5785,6157,6278,6916,6948,7249,7375,7770,8328,8666
83,131,160,194,357,375,478,608,935,2032
83
88,548,3083,6321
91,698,782,794,1859,4360,5034,5322,9634
91,531,547,1678
91,1820,3126
91,259,376,2719
94,310,328,331,531,614,646,715,761,908,1101,2240,3034,3912,4009,4557,5305,5355,7796
96,137,575,640,1139,1592
96,99,256,2085,2627
96,550,2005,2723,3216,5501,8124,8683
96,943,2234,3481,5776
96,187,239,519
96,187,1462,7228
96
96,99,348,1398,2761
96,240,411,477,509,628,647,966,1919
96,169,552,871
96,182,3289
96,99,772,809,824,934,1121,9503
96,152,169,286,302,309,319,351,382,420,460,552,571,635,686,2280
96,99,146,522,531,879,1584
99
101,426
103,485,2484,3042
104,239,255,397,499,792,935,1605,3141
105,329,2455,3253,3398
105,640,1236,1677,3068
105,595
105,1979
107,331,631,686,724
107,4845
107,130,152,174,194,531,821,1622
108,315,719,730,816,3156
108,201,424,606,899,1458,1509,3638,6932
108,194,453,767,941,1133,2644
111,608,1469
114,736,2010
115,629
117,598,637,729,1019,1484,1528,3529
119,306,453,1644,1934,6264,6752,7644
120,1436,1757,2357
120,193,223
121,414,815,3623,8505
121,136,303,333,727,758,843,924,982,1272,1758,1796,2035,3751,9516
122,834
124,574,4136
124,174,719
126,173,181,194,209,264,276,326,371,395,397,964,1031
126,217,328,489,823,851,895,906,975,2057,8330
127,194,255,306,819,3268
127
127,2053
127,190,197,315,365,472,489,575,691,719,756,758,1025,1070,1113,1199,1401,1621,1840,1967,2439,2760,2782,2878,2901,3321,3535,4147,5215,6587,8125
132,606,935
132,167,426,499,768,1231
132,2513,4882
133
133,158,173,196,230,464,726,975,1013,2229
134,379,869
139,182,234,321,500,707,793,1850,2985
141,2107
145,170,287,410,1797,6181,6675
145,170,289,410
145
145,357,413,478,650
146,285,1076
146,379,1037,1050,1389,1511,2041,2154
146,359,436,4561
146
147
147,5719
148,200,251,274,335,402,420,425,451,471,492,496,529,621,633,639,696,767,885,898,1042,1057,1112,1179,1210,1217,1574,1622,1633,1676,1707,1714,1727,2024,2025,2089,2942,3264,3973,4034,4091,5072,6382,6521,6772
149,903,1039,1090,1392,1645,1802,2000,3598,4137,6322,7384
152,249,3724
152,169,190,299,420,438,877,2021
152,169,1140,3267
152,262,352,537,614,1009,1424,1838,1870,1920,2016,3690
153,319,607,3636
156,455,2378,4164,4614
156,261,266,310,367,398,741,777,1111
156,1208,5763
165
166,348,393,505,722,816,1480,2290,2390,2915,4686,8315,9726
166,419,527,624,673,816,1501,1536,1989,2219,2399,2510,3941,5686,7880
169,571,605,1007,2206
169,183,221,254,299,355,388,493,504,594,686,710,738,800,1043,1236
170,478,3347
170,177,212,301,323,499,538,658,1073,1434,9516,9794
173,730,793,853,1038,1590,1825,1916,2049,2311,3109
174,1518,1806,2392,6723
174,499,693,833,1113
174,895,1547,4227
174,194,208,256,424,3406,8719
174,239
174,303,885,1145,2015,2927
174,261,323,383,478,546,701,815,1084,1207,1482,8161
175,384,418,419,992,1019,1496
176,243,303,305,353,387,1149,1348,2000,2163,2633,5253
177,243,245,321,446,531,556,606,857,1157,1296,1331
180
183,206,415,732
185
187,519,781
190,697,916
191,531,547,551,699,839,959,1434,1521,3833,8007
193,1506,3394,3551
193,388,2000
194,201,448,1573
194,341,383,544,639,868,2355
194,876
199,266,303,367,448,479,499,2784
201,2573
201,873,1033,1338,2021,2559
202
202,583,2488,3411,3970,4580,5060,6624,6635,7342
202,2195,6608
202,210,224,246,254,275,280,435,517,541,615,747,756,817,859,875,880,923,1032,1049,1244,1273,1276,1323,1608,1693,1724,1812,1848,1850,2126,2134,2201,2392,2812,3063,4158,4357,4882,5227,5281,5434,8035
202,449,491,643,1470,1673,1769,2581,2665,4141
202,254,655,2801,5250
202,206,210,224,246,275,280,327,348,351,363,393,415,435,443,452,469,517,535,569,615,632,685,711,747,750,756,759,817,830,831,849,858,880,946,947,970,981,987,995,1000,1004,1050,1140,1175,1244,1276,1302,1375,1413,1523,1608,1616,1626,1634,1637,1743,1745,1760,1782,1807,1917,1951,1965,1968,2071,2200,2391,2392,2395,2404,2427,2428,2475,2477,2531,2780,2802,2932,2985,3389,3498,3879,3886,4049,4142,4492,4525,5184,5535,5541,6031,6749,7218,7350,7685,9272
202,203,1674,2488
202,327,5230
203,526,2628
203,1386,4200,4390,4400,5427,5430,6597,9497
203,2701,6096
203,1934,2659
203,1875
203,415,600,607,643,759,861,9486
203,539,656,981,1126,1551,3701,3854,4114,5964,9341
203,218,286,302,363,433,589,634,673,813,858,942,1016,1082,1129,1383,1385,1392,1511,1788,1796,1982,2279,2321,2395,2520,2653,2700,2904,2976,2983,3145,3435,3628,3878,4296,4405,4686,5207,6271,7254,8161,8396,8791,9071,9253,9731
206,210,384,394,443,541,2559,2810,3406,4354,9327
206,384,423,506,543,656,875,928,1062,1251,1305,1848,2049,2392,3723,4042,4562,5114,5345
206
207,383,941,2679
209,260,298,501,599,680,686,700,936,1498,1566,2190,3247,5437,6256,9265
209,762
210,805,1339,1625,1698
211,255,287,464,464,468,495,959
212
213,495
213,301,481,1223,3397,3590,4487,9006
215,242,1138
216,1178,1316,1319,1762,6633
217,567,1471
217,825,1031,2307,8519
217,560,959
218
218,334,6719,9192
218,4546,6394
220,384,491
220,608
220,954,1726
220,485,555,877,1196,1590,6080,9139,9194,9218
221
221,1398,2201
221,303,477,834,992,1783,2021
221,609
224,415,783,981,1807,2008,2038,2567,3083,3245,3436,4350,4821,5320,5391,5729
224,1400,3238,3281,5533,5837
224,435,4403
224,645,1501
224
224,600
224,500,849,1140,5223,7311,8148
227,230,281,343,1079,1698,7399
227,281,647,736,846,7648
232,1237,1248,1584
234,1626,2697,2951,2984,6735
238,284,804,1381
240,342,572
244,371,596,718,779,887,961,1055,1214,1319,1393,1566,1949,2403,2810,3002,3388,5404
246
246
246
246,2392,3289
247,1843
247,260,788,1393,1454,1477,1566,1681,1999,2499,2921
247,315,413,420,498,1526
247,439
247,573,1079,3051,6853
249,424,467,869,1796,4932
252,1039,1050,1709,3797,8124
253,342,779,906
253,429,917,2156,2218,2509,6085,8947
253,440,526,588,605,823,832,869,1009,1369,1660,1873,1934,2145,2206,2761,2925,3261,3845,4447,5270,7328
253,924,8579,9488
254,954,4678
254
254,711,958,1140,1694,1869,2293,2381,2687,3070,3999,4167,4644,5075,5107,5557,5585,6279,6396,6582,6985,8506,9682
254,957,2488
255
255,287
256,383,651
256
258,885,7582
258,1214,5478
259,457,608
259
259,505,1050,1247,3973,4349,9074
259,376,411,1409,1793,1854,2171,2749,3283,3409,4283,4991,5798,6211,6439,7451
259,376,379
261
266,494
268,3504
268,649,1917,2089,8987
268,633,649,660,666,720,2520
269,1051,2192,3322,3476,4842
269,866,1111,2334
269,8090
270,287,398,424,496,501,658,765,1088,1135,1145,1184,1432,1681,1878,2013,2197,2875,3002,3388
275,2283,2455
276,633,785,5192
277,807,973,2005,3550,5407,7366
277
279,759,3238
279
279
282,519,778,3790,5175
282
286,392,707,872,3991,4188,5144,7283,9399
286,683,719,2066,2476,6305,9545
287
289,591
291,916
292,298,332,342,347,356,453,602,608,641,798,869,905,1020,1253,2041,2064,8335
295,1292,1419,4917,5577
297,368,478,518,560,597,773,778,1075,1434,1526,1561,1566,1641,3833,5141,5437,9180
299
299,1439,1797,8960
299,303,360,448
299,333,3667
299,1520,2108,3856,7352,8593
299,505,1925,2985,3427,4503,4715,4973,7478
299,1742,1765,2096,5406
299,448,1025,1438
301,484
301,2355
303
303,9349
303,849,1633,1783,2340
303,719,1625,2566
303,1781
303
303,533
303,421,4614
303,2413,5348
303
303,719
303,934,1338,2309,2601,2852
308,908,1024,1083,1436,1692,3149
308,991
308,411,455,955,1063,1436
308,455,741
308,1489,3853,8688
310,430,465,587,930,1005,1083,1928,4100,6600,7093,9021
310,587,1582,1970,2041,4561
314
315,1079,2089,4592
315,8632
315,973,1303,1365,1783,2953,3542,4178,9246
315,925,1105,1108,7580
315
316,718,1526
319,1585,3781,3783,4051,5719,7318
323,826,887,935,959,1214,1650
328,331,455,622,732,928,1807,1843
329
330,510,528,616,722,949,1023,1119,1249,1278,1362,1525
330,570,697,820,822,974,1423,8482
331,1145,1159,1642
335,606
336,5783,9021
336,743,828,1153,1388,1564,1677,1683,1873,2615,2810,2822,2924,3088,3524,3892,3979,4729,4905,5588,6192,8357,9214
336,663,1338,9534
338,802,1095,1243,1523,2415,3221,4882,6183,9354
340,342,360,421,429,442,446,469,494,598,628,657,671,747,817,890,929,960,1042,1073,1074,1132,1142,1164,1204,1302,1419,1505,1800,1934,1937,1999,2084,2241,2430,2664,2693,2866,3512,3557,3585,3644,3716,3735,3901,4175,4326,4515,4624,5247,5577,5612,5688,5782,6186,7119,7288,7528,7616,8061
341
342,385,450,1657,7551
342,1970,7093
342
342,6455
345,447,1039,2701,4755
350,478,526,869,1280,5589
354,1679
355,6967
362,903,1937,3795,4034,6928
363,8505
366,3007
367,1779
369,2027
370,725,849,1086,8338
371,959,1509,7716
376
376,946,2440,4031
379,2288
379,915
379,1829
380,732,6913
382,3238,5032
382,655
382,3895,4256,8842
384,814,6504
387
389,1492,5287,8568
392,454,576,718,863,1584,1921
392,5056
392,1080,1789,1884,2456,6053,7183,8761
392,1919
392,4858
392
393,1688,5319,6679,8520,9191
397,608,1168
397,426,1584
397,424,728,816,1758,2340
397,606
398,408,7995
405,614
406,3137,3833,5378
406,1765,1781,6347
410,483,718,959
410,2190,3763,4016,4777
411,2355,2594,3090
413
415,3143,3971,7247
415,2105,2721,4286,8183
415,1811,3025,6733
420
420,1007,1382,2206,2455
420,606,834
422,851,1075,1633,1802,2347
423
423,926,931,1958,1983,2986,3405
425,903
425
431,1331,3550,4755
433,9513
433,566,9964
433,904,1835,2803,3656,4920,5890
433,1052,1529,2710,2943
434,548,2202,4468
434,1177,1901,2761,3477,4474,4514,7807,8113,8530,8841
434,491,583,600,643,783,805,814,834,945,1093,1122,1293,1559,1560,1585,1614,1830,1861,1958,2122,2130,2278,2283,2417,2529,2577,2715,2986,3031,3084,3452,3583,3626,3895,4087,4204,4345,5224,5402,5469,5890,6201,6901,6985,7295,7308,7558,7759,7776,7880,8148,8225,8320,9500
434,583,600,945,1122,1284,1559
434,583,1122,1830,1861,2529,2715,3031
436,2171,6509
437,503,625,700,701,1265,1329,3718,4994,5376,7086,7429
437,993,1462,1796,5462
439,3585
440,1970
440,611,807,1057,2309,6507
442
447,481
447,611,1597,6275
447,2282,2381,2687,3742
448,9482
448,1079
448,853,935,1526,1566
448
448
448,503,1338,1896,2257,4090,5717
448,499,505,573
448
448,480,505,1625,7153
448,1025,2044
449,491,600,643,783,805,814
450,526,891,1034
452,732,4190,5301,8277
453,533,9761
455,1317,1567,2943,3136,8960
457,499,738,876,2572,9018
458,1173,1744,1972,2218,2401,4928,5289,9396,9520
460,909,1950,2240,2974,4167
462,1082,1777,1890,1951,2369,2486,2951,3203,3320,3372,3663,3675,3840,3852,3908,3955,4193,4208,4396,4408,4491,4644,5039,5350,5579,5634,6016,6296,6460,7048,7851,7901,8099,8378,8387,9532
463,477,4532
464
464
464,1338,1698,2082
467,529,531,635,1055
467,499,522
470,684,1525,2448,4182,5789
470,1030,1326,1439,1482,1761,2327,2663,3293,7563
470,2837
470,8347
473,1423,2824,3406
473,508,818,1299,3428,4020
474,1039,1113,1294,1571,1999,3833,6787
475,923,1227,1251,1541,4559,4562
475,745,3427
475,843,992,2381,9201
480
481,4432
484
485,3508
485
487,559,8212
491,927,1095,6635,8526,8546
492,763
498
499,764,1102,1202,3028,4932
499
504
504
504,1097,1294,1721,1925,4868
505,883,934,1642,3322
505,898
505,1071,3286
505,616
505
505,2015,2594
505,4154
505,1025,1113,4715,9176
509,1311,2028,2298,4081,4317
509,3574,5251
510,722,988,1155,1356,1848,2713,2782,3170,4213,6171,6678,7143,7884
510
511,2027
517,548,674,1361,1460,3406,3845
517,850,920,2839,9462
517,3728
517,1669,1789,5391,6434
517,2062,2202,4188
520
522,1334,3113,6002
524
524
526,1871,4349
527,911,1086,2561,4154,4579,5919
528,1053,1528,1690,1729,1816,1991
531
532,568,753,787,859,1315,1338,1396,1422,1623,1862,2082,2236,2526,3075,4484,5849,6461,6817
533
534,557,574,584,638,654,656,664,754,802,973,1024,1115,1164,1214,1441,1660,1826,1848,1942,1978,2053,2354,2455,2742,2943,2945,3161,3588,4704,4882,4932,4983,5595,6105,6154,7828,9065,9896,9931
535,536,607,655,721,1391,1807,1850,2201,2283,2488,3084,3728,4500,4830,8190
535,894,1337,1601,2944,3547,3974
536,2716,6674,8661
539,1559,3039,7157
539,1997,2801,6034,6248,7077,7451,9256
539,3313,6760
541,1059,1391,1535,1726,2343,2786,2914,3084,3657,4842,5541,6628,6938,9860
541,1583,2072,4145,8597
547,681,699,706,1561,1605,1679,1783,1956,2026,2408,4592,4605,5627,6318
547,819,1526,1555,1878,3568,5100,5229
548,3430
548,2919
548,1000,1244,1323,2077,3783,7288
548
548
548,585,1375,2077,2369,7276
551
551,923,8113
552,708,2367,4337,5220,6604,8457,9070,9854,9928
552,622,683,686,1107,1245,1733,1806,1879,2563,2708,4431,8733,9357
553,609,638
554,816,926,1802,1948,5954,7087
556,823,879
557,934,1381,2032,2405,6600
558,624,631,652,724,748,871,2214
559,7980
559,1477,2603,9215
560,1079,1283,3456
560,3016,4406,7952
562,1528,3826
564,2577,2846,2985,6389,7031,8212
564,3797
566,1708
567,1176
571,3119
572,635,741,864,1299,1317,1806,2025,2274,2561,5257,5456,9506
572
572,617,653,1642,2029,2268,4049,9205
572,1152,4818
573,1201
573,1121
573,2370,2722
573,797,1277,2638,3356
573
573,1021,1039
575,5343,8126
578,670,705,1075,1139
580,1777,2022,2108,2572,4511,8548
580
582,1801,8165
582,1721,1998
582
582,1162,1266,1330,2310,5215,5621,5995
582,4309
582,816
583,3085,6216
583
584,2823,3892
585
589,1125,1189,1359,1720,1793,2392,2749,3729,4580,5755,8231,9093
589,1906
589
592,747,873,1205,5382,7282
597,4567
600
600,1273,1398,1419,1491,1818,2287,2432,2708,3637,3701,3960,5832,6127,6339,9692
605,1655
606,8189
608,8141
609,1296
609,2302
609,732,1360,1589,2155,8512
611,764,4553
611,701,866,1015,1248,1357,1801,1999,2004,2097,2408,5163
614,958,3552
614,718,782,820,1493,3869,4592
615,645,831,880,981,1227,1302,1669,2289,7295
622,4895,7241
623,3194
627,2754
629,1333,3219,5084,6917
630,822,3835
630,1346,2173,3137
632
632
632,2202,5967
633
634,1523
638
638,869,924,1293
638
639,1566,7444
640
641,831,992,2761
642,963,1037,1245,1301,1388,1564,1733,1739,2387,2603,2607,2815,4842
644
645,4282,4357
645,1616,2283,2695
649,3832,5441
649,6791
649
649,1744,6102,8970
653,3772,4095,4614,8525
653,3296,5051,5182
653,4793,5407,6049
654
654
654,4639
655,946,1054
656
656,1669,3487,3846
657,1503,1565
658
659,1331,2471,2819,4497,5617,5795,9003
659
660,705,986,1139,1526,2155,2466
660,4368
667,9317
667,2302,8199
667,831,1667,1951,4033,4069,5023,6396,8643
668,926
668,6213
668,4646,5766
674
674
676,974,9552
676
680,3155,4422
680
680,900,1294,1338,1985,2082,2336,2503,2600,4018,4120,4154,5258,6595,7086,8726
680
685,2265,3777
686,1650
690
690,1078,1160,1162,1294,1314,1877,1973,2490,2503,3916,4244,4395,4537,4582,5354,5369,6258,7151
692,1164,1892,4977,5155,7997,9300
692,1393
693,1139,5082
695,926,1001,1866,2058,2530,2663,4178,5368,6737
695,973,1455
698
702,2088,2824
702,6390
702
704,1267,1315,1586,1627,1970,2124,2424,3056,7714,8128
705,1139
705,818,1139,1648,2657,3804,4387,4528,5195,5795,6073,6319,6372,6539,6914,7047,7123,7897,8987,9026
706,900,1031,1314,1648,1726,1985,2096,2357,2541,2696,3151,3303,3575,3658,4120,4812,5258,5621,5784,6395,6498,7395,8161,8310,9803
708,4348
708,3208,6870
708,1056,1206,1506,8878
710,946
711,880,970,1490,1728,1741,2294,2404,2432,2530,2735,2814,3616,3701,5302,5345,5494,7214,7448,8092,9523,9633
716
717
717
717
718,984,1179,1434,1574,3065,5348,6539
718
719,4685
719,780,1570,1877,3122
719
719,961
719,3630
719,959,1334,1635,1701
719,9002
720,1531,3063,3301,4145,4650
720,835,1126,1321,1352,2758,2851,3977,4179,7516,9948
720,803,835,1126,1321,1437,1541,1619,2021,2238,2267,2472,2585,2608,2656,2758,2894,2959,3075,3177,3244,3301,3536,3648,3651,3854,4233,4851,5001,5213,5805,6368,6374,7288,7342,7531,7895,7981,9062
721
723,910,1412,1638,1759,1989,2219,2399,2458,2461,2462,2645,4776
729,1918,3137
731,9191
732
732,807
732,865,5568,8653
732,2148,2283
732
733
734
736,1566,3020
737,9081
737,896,1462,2058
744,2694
744
744,2379,2846,3791
745,2051
745
745
749,979
750,2254,2712
752,6827
753,2110,2218,3932,6968
753
753,2110
756,861
758
764,1825
765
766,1273,2225,2760,5398,6246
768,1448,1710,2912,3049
775
775,6215
776,2191,3734,4054
777,1547,2035
777
777
777,871,1111,1122,1567,1979,5397
777,1111
777,1111
777
780,1010,1788,3628,5580,7254
781
782,6768,8218
782
783,1093,4562
783,3204,6906,8584
783,992,3083,3486,4038
783,805,814,1093,1958,2394,4273,6115,9285
784,5140,7273
787,1331,2352,4820
788
790
790,2163
791,1902,3268
791,979,1882,2384,2664,4002
796,965,1080,1110,1130,1209,1395,1997,2077,2276,2334,2413,2506,2507,2659,2932,3718,4146,4148,4413,4950,5246,5574,5608,5850,7969,8289,8414
797
797
799,847,1145,1567,1719,2862,3806,4795,6779,6807
800,1168,1469
802,993,2005,3767
802
802,2491
802,7481
802
802,1039,2722
803,2062,4272
803,835,1828,2222
803,1126,6430,7076,7970
805,981,1233,1289,1476,1774,1975,2054,2270,4948
805
805,1671
807
807
810,2389,2585,2861,2974,3089,3276,3369,3506,3664,4667,4675,7531
812,2801
812
812
812,1295,1773,1994,2208,5466
813,1406,1587,1688,1867,2058,2777,3615,5687,6300
815
816,3007
816,8505
816,1957,2079
818
818,944,1139,1676,2594,6322
818,986
818,911,7750
823
827,2997,3793
827,2435,4207,6067,7188
829
830
830,4755,9582
830,1608,1724,1830,1983,2134,2697,2868,2956,3522,3637,4267,4821,5729,6016,6048,7437,7922,8082,8476
830
830,5169
831,880,1997,2795,4360,6531
832
832,1162
832,1807
834,2475,4114,4166,7626,8610,8734,9704,9708
834
834
834
835,5685,6362,8944
836,4220
838,1421,2900
838,4342,5441,5480,5673
838,1089,1128,1213,1511,1525,1646,2312,2564,2669,3278,3298
843,1104,9831
843
843,1351
843,5134
843
843
843,1813
843,6942,7885
843,1861,2122,2134,2201,2283,2529,2715,3031,3452,3636,6597,6773,7295
843
843,904,1893,2826,3107,4312,4448
843
844,1802
844,4992,8269
844,2068,2731
847,1435,2302
849,1515
851,9542
851,2015
851
851,1303,2041
851,3560
851
851,984,2282,3090
851,1132
853,1428,2468,5376
859,1049,1356,1682,1780,2392,2714,4409,5106,5148,6286,9355
861,4238,6912
861
861,904,2319,2692
863,1114,4290
866
867,1202,2147,3581,3878
867
867,4304
869,2524
871,1547,1791,2028,3856
871,1137
874,3618
875,1257,1779,3271,4076
875,1032,2488,3121,3652,5722,6541,8527
875
875,2202
877,1061,1369,1486,1493,1742,2068,2392,2495,4094,4311,4343,5020,9081
878,2248,2250,2386,2620,2649,3618,4197,4211,5119,5593,6337,8346
880,2050,5504
884
885
886,1400
895,2633
895,916,2079,4057
895
896,3550
896
896,2546,3579,4009,4039,4108,4631
898,1217
899,1566,3076,4291,4926
900,1025,2503,4120,4154,5059,5258,5690
900
903
903,1364,1561,2952,3642
903
904
904,1134,2762,4572,4889
904,965,1769,2153,5584,5856,6741
904,1668
904,3405,4267,4328,8657
904,1534
904,1134
904
904,938,2267,9242
907,1016,2281,2431,3212,4219,4870,5123,5915,6045
908,1107,1796,3412,4872
908,5157
911,3137,5560,8185
912,2000
913
918,1137
919,2444
920,1306,1730,2307,6644
920
922
922,1338
923,1361,1417
923,988,1592,6871
924
924
925,5937
925
926,1174,1220,4039,4610
927,2206
927,1852,3112
927
927,2711,2764
927,957,2945,4279
929,1868
931
931,1281,2046
931
932,990,1446,7001
934,963,1057,1701,3210,3211,3268
934,3676,6334
934
938,7545,7791
938,4283
938,962,965,965,1036,1036,1036,1070,1086,1773,1891,1901,1945,1946,2185,2333,2395,2705,3017,3166,3616,4023,4403,5098,6098,7100,8086,9256
938,1025,1110,1658,3706,4148,7224,7434,8136,8897
942
942,4028,7532,9917
942
943,2044
944
945,1559,5175
945,1550,1614,2916
946,1839,5342
946
946
946
946
946,1658,5644,8573
949,1023,1119,1249,1278,1362
951,3178,3329,9188
952,1436
952,1879,2455,2589,6879
953,1633
953,1381
954
954
954
954,2001,3201,3226,3736,3838,5344,6433,9011
954,2200,2427,2531,2891,3704,3846,4710,5671,5893,6183,6197,6218,6515,7502
954,2477,2816,3496,4170,4581,8398
955
957,3637,3842,3862,3970,4446,8844,8876,9349
959
959
959,1214
959,1084,1953,2464,3022,3581
962
963,1481,2252,2671,4052,6014,9405
965
965,2183,2699,4564,6412,7367,7488,7877,9713
965,965
965,4164,4265,5910,9107
965,1813
965
965
968
968,9513
969
971,2786
971,1055,3124,3151,3256,4244,5253
972
973
973,1347,1794,1982,3036,4787,5230
973
973,1417,1430,3656,4009
973,4427
973
974,3227
974,1364,2158,2177,2440,3580,3642,4326,4515,6456,6909,7836,8361
975,1889,3128,3443
977,1701,1867,2771,4116,4254
981,1070,1841,2430,3838,5000,5729
981,1413,2488,4158
981,1540,1971,3271
981,1939,2711
984,1015,1571,2197
984
990
990,2560,3810,4688,7569,7612,8382,9359,10000
992
992,2021
992,3891
992,4023
992,1590,2021,2933
992,2399
992
995
1000
1001,7573
1001,3114
1001,4148,7980,8056
1004,1542,2511,2546,2562,2836,3516,4141,4249,4322,6952,9513
1006
1006,1579,1604,1789,2072,2357,3796
1008,1804
1008
1009,1685,2378,2591,4555,9677
1010,5919
1013,2011,7562
1016,3219,4244
1021,2005,6299
1025
1025,1357,3739,4670,9198
1025,5419,8243
1028
1030
1035,7031
1036,2562,2933,3145,4033,4841,5300,7528
1036,1753,2665,2868,2972,5724,5997,9370
1039,1569,2136
1039
1039
1039
1039
1039
1039,1576,2155
1039,6675
1040,1433,2058,2061,3313
1040,5947
1041,1953,3094
1043,4577,5708
1043,1194,1376,1428,2070
1044
1044
1045,1122,1295,1637,1696,1906,2040,2283,2356,2714,2762,2816,3040,3522,3666,3781,5172,5223,5271,5566,6783,8089,9101,9122
1045,4296,5195,5570,6319,7123
1048,1149,1567
1050,4582
1050
1050,2905
1050,1523
1051,2496,3657,5254
1052,2136,2243,2443,2679,6422
1052
1054,2530,5348,6394
1055,2760,6568
1059,4021
1059,2120,2200,2477,2531,2687,2756,2891,2909,3141,3206,3420,3968,4207,5622,5633,6562,6972,9386
1062
1062,1585,2104,6655
1062,2179
1066,2282,2381,2687,7054,8777
1066,1284,1614,3008
1066,2711
1070
1070,2591
1070,1672,3237,8905
1070,2283,3453
1076,1671,2509,6506,9022
1076
1078,2329,3026,3800,4262,4430,4462,4518,4702,4861,4894,5086
1079,1288,1795,2559,2914
1079,1532,3216
1079,2241,3239
1079,6322
1079
1080,8810
1080
1085
1085
1085,2649
1085
1085,1125
1087,6956
1088
1088,2032
1090,2464
1093,1769,3004,5584,8252,8394
1097,4717
1098,3087,5292
1098
1101,1879,4322,4431
1101,4009,4308,4427,9928
1101
1104
1104
1104,1550
1104,6439
1104
1104
1104,1583
1105,1213,1362,4020
1107,1369,1398,2068,2136
1107,7223
1109,4580
1109,5631
1109
1110
1111
1111,7706
1111
1111,1871,2083,3183,3738,3839,5248,7700,9148
1111
1116,1409,1793
1116
1116
1118,2234,2332,3724,5079
1121,3388,3763,3878,7734
1121,1511
1121,1908,2769
1125,1409,1793
1125
1125,1409,6359
1125,1409,1793,1822,4045
1125,1822,8973
1125,1409,1822
1125,1443
1125,1409,1793,1822
1129
1129
1129
1130,8227,9021
1130,1470,1673,2106,2868
1134,5098,8769
1136,3207
1140,1177,3324,8793
1141,2572,3867
1143,6158
1143,1219,1470,1753,1776,1983,2141,2183,2208,2331,2542,2801,2826,3422,3576,3589,3633,3649,3778,4224,4448,4738,4841,4896,5246,5503,5530,6268,6286,6416,6476,7136,7303,7729,7764,7847,8001,8137,8392,9913
1143,2529,2715,2868,3031,4267,5856,6111,7674
1143,1981,2511,2972,5272,5635,7956,8892,9261
1143,2699,4086,5970,7528,9109
1144
1146,4055
1146,4584,7832
1155,1323,3089,4234,4413,4665,5321,5883,7195,8761
1160
1162
1162,3900,4694
1162
1165,2183,2951
1166,1194,1376,1428,2070
1169,1556,2356
1169,1293,1575,1996,2116,2137,2217,2424,2586,2700,2783,2989,3402,4003,4503,4845,4900,6460,7696,8262
1172
1173
1173
1174,1174,1205,1519,2433,2499,2757,4538,6375
1174,1834
1175
1177,5175
1179,1332,2464,3364,4081,4221,6575,8859
1180
1180,8919
1180
1180,4769
1180,8928
1183
1183
1184,1500,4755,4973
1187
1188,5629
1188
1189,1703,3869,6030
1189,7035
1189
1189,4399,4475,5318,5792,7326
1189,2394
1189
1189,5061
1189,1793
1189,6215
1197,3156,3550,4660,8731
1197,8024
1197,3832
1198
1198,4544
1204,3416,3656
1204
1206,3550,3585
1206,8037
1206,2419,2486
1206
1208,1261,1974,3070,4078,4800,6186,7092,8617,9268,9490
1209,2839,9641,9786
1209
1209
1209,3149
1209,1219
1209,1658,2480
1212,4039,4304
1212,3047
1213,2903
1213,5332,8432,8944
1213
1214,3256
1214,1438,4034
1215,2870,4992
1217
1217,2355
1218,1692
1218,1438,3360,4453,6787
1218,1745,2016,2873,6188,6440,8049
1219,1701,2699,4414,5887,5888
1219,3897
1221
1231
1232,1826,2073,3128,5562
1236,1302
1236,2905,4009
1236
1236
1237,1581,3091,4811
1238
1243,5250,5530
1249,1362,1999,2965,7268
1249
1250,2209
1250,4173
1250,1887,2451
1251,2019,2480,2802,6956,8526
1255,1703,7338
1257,3063
1259,1350,2607,5441
1260
1264,1979,2943
1264
1266
1266,1548,1603,2096,2582,3303,3397,3539,4187,4201,4261,4649,4709,5003,5601,6404,8478,8774,8924
1273,5533,6981,9467
1273,2399,2458,2645,3771,7551
1276,2369,3487,5148,5262
1277
1277
1277,1333,3591
1277,1697
1277,3273,6607
1277
1278,1525,2056,6009
1281,3221
1281,3329
1281
1282,8532
1283,8007
1283
1285,2511,6798,9603
1285,6983,7451
1285,3189
1285,4940,6875
1286,9588
1286,1686,3117,3295,5160,5203,5232,6330,6472,9631
1293,2076
1294
1296,4789
1296,3416
1297,4474
1297,1668,2410,2714,2762,3289,5511
1298,1921
1301,1407
1303,3716
1307
1307,5177
1307,6068
1307,1744,4784
1307,1865,2341
1307
1309
1309
1309
1315,2866,3512,4181,5192
1316,1547,1841,6104
1316,2408
1318,3296
1319,1503
1319,3090
1321,3075,3629,4845,8559
1321
1321,2894,5213
1321,2886,3977,8287,9206
1323,6956,8448
1323,5018,7514,9484
1324,1361,1369,1610,1757,1833,1867,2005,2022,2062,2068,2071,2077,2108,2308,2343,2350,2476,2543,2598,2798,2824,2942,3003,3007,3070,3203,3206,3259,3314,3322,3465,3686,3718,3724,3772,3776,3780,3790,3791,3941,3971,4062,4113,4129,4146,4148,4188,4268,4347,4413,4497,4731,4798,4811,4842,5036,5104,5182,5199,5214,5216,5251,5574,6096,6139,6375,6425,6458,6544,7138,7498,7918,8435,8635,9119,9545,9845,9861
1325,1451,5287
1329
1330
1330,2650
1330,3658
1331
1331,6021
1331,1771,1829,1910,2832,3619,4058,4657,4765,8245
1333,6779
1333
1334
1334,2543,4614,4956
1335,2608,2975
1335
1338
1338
1338,1692,1692
1338
1338
1338,3874,4867,5370
1338
1338
1338
1338,1642
1338
1345,9427
1350,6420
1352,3850
1352
1355,2956,3226,3554
1356,1546,1593,3271,5145,7648
1356,2461,9992
1357,2846
1357,1477,1486,1725,4942,4999,8037
1361,1803,2229,3070,4956,5297,5478,9785
1364
1372,7937
1372
1372,4235,6198
1372,2033
1372,9039
1372,2588,7450
1372,7472,8263,8447
1372,3224,4399,4676,9039,9512
1375,4899
1381,1675
1381
1385,8198
1385
1385,1566,2242,2976,4214,4236,5059
1387
1387,7023
1387,3843
1387,8266
1387,3226,6332,7387
1387,6115,9285
1387,1753,2705,3032,3445,4954,8398
1387,3226
1387,4572,9266
1393
1395,4117,6949,8658
1395,4719
1397,1764
1398,2028
1398
1398,3339,3968,5328,7613,8587
1398
1398,1588,1901
1401,4029,4969,6614,8255
1409,1793,3409,6306,8015,8855
1409,1793,1822
1409,1793
1409,1793,3533,3968
1409,1793
1409
1409,1793
1409,1793
1409,2171
1409,1793
1409
1409,1822,2749
1409,3620,6200,9111
1409,1793
1409
1409,1793,7465,8953
1409,5752,6786
1409,6029,6974
1409
1413,5338
1413,1551,2216,2372,3558,6072,9390
1413
1414,1459,6682
1415
1415,6586
1417
1417,2358,2601,5751,6382
1417
1417
1417,1943
1417,3998,4283,5175
1418,1593,1812,2269
1418,1463,2646
1421,5808
1421,1770,1811,1846,2169,2876,3391,3623,3630,5613,7719
1422,2832
1422,2156,2669,4181,4799,5160,6330
1425,1735,2069,2075,2278,3452,3583,4653,5582,5732,6640,6780,6859
1425
1425
1428,7617
1430,2136
1431
1432,2452,3212
1433
1436,1908
1438
1438,2473,9219
1438
1438
1439
1443,2462
1444,6207,7974
1445,8749
1446
1446,3480
1455,4882
1455,3525,7207
1455
1457
1459,1841,2761
1462,2885
1463
1464,6042
1467,3195
1468
1470,1673
1470
1470,1673,2106
1470,2276,4450
1470,1673,3604,5893,7335,9156
1470,4197
1470,2177
1473,1483,1513,1559,1932,3656
1475,3272
1475
1475,4235,9445,9610,9929
1475,4980
1475,1787,5002,8466,9445,9829
1475
1477
1479,3360
1481,2013
1481
1482,1584,3630,5863
1482,2486
1485,2214,2671
1488
1489,1598,1656,1706,1999,2197,2732,2798,2950,3106,3323,3400,3460,5798,7429,7503,7806
1491
1494
1496,2389,2461,2623,2866,4530
1499
1499,1808
1503,2025,2274,3997,4517,7375
1505,6721,8206
1506
1506
1506,4200
1506
1506,2880
1506,1529,1663,3383,3409,5335,5416,5932,6742,8387,9418,9637,9691,9966
1510
1511
1511,7237
1511,1880
1512,3419
1516,4937
1519
1521
1522,2905
1522,2175,2464,2857,3237,3427,3449,4555,4638,5231,5336,6147,6853,6932,8323,8350,9119,9545
1523,1531,4821
1523
1525
1525,2109
1525,2399
1526
1526
1526
1526
1528,3990,4425
1529,6566
1529,1735,6299
1529
1529,4633
1529
1531,2495,5541,6164
1532
1532,1639,1825,2255,5496
1533,7092
1534
1535
1536,2045,2471,2487,4955,5695,6924,8154,8165
1538,6364
1538
1538
1540,6733,8378
1541
1544,2229,7664
1544,3070,4956,5642,8007
1544
1544,5045
1546,5428,5655,7105,8062
1547,9158
1547
1547,2761,3364,9409
1547
1547,1843
1547,8960
1549,1827
1549,1977,2257,9181
1550,2863,3570
1550,3576,4142,4403
1551
1551,6293
1551
1551
1558,2145,2540,5032
1559
1559,1850,2134,7926
1560,1696,1848,2130,2417,2901,3176,3271,3336,4076,5271,6534,6783,7460,8808
1562,2208
1563,3043,5507,8987,9180
1564,3711,5341
1565,2408,3714,8444
1565
1565,3180
1565,2340
1565,5439
1565
1566,3476
1567,3971
1571
1571
1571
1571,2876,4033,4306,8810,9769
1573,7836
1573,1897,3831
1578
1578,1878,7464
1579,1713,4932
1579
1583
1585
1587
1588
1588
1592,2347,2604,4251
1593,5227
1594
1594,1917
1594,9148
1595
1595,1778,1844,2305,2320,2386,2650,2660,2784,2790,2910,2925,2934,2946,2948,2957,3152,3222,3256,3261,3315,3356,3572,3618,3893,3896,4140,4153,4162,4211,4331,4660,4694,4707,4956,4971,5051,5119,5138,5154,5163,5180,5336,5369,5394,5524,5592,5593,5604,5634,5664,5809,6011,6046,6170,6543,6559,6687,6984,7273,7656,7916,8061,8238,8333,8515,8598,8613,8618,8721,8754,9004,9418,9442,9629
1596,5309,8439
1596
1596,5828,7791
1596
1601,3071
1602,2701,3701,4130,4820,4989
1603
1604,1975,2719,3477,3796,4989,5290
1608,3290
1608,2697,6530
1608,5224,5362
1608
1609
1609,1724,2276,2330,2748,9136
1610,1657,5628,6329
1613,2722,4836,7379
1614,3289,6086,9009,9138,9880
1614,2046
1614,2405,2778,4135,6008,7530,8641
1615
1616,2343,4188
1618,7145
1619
1619,4851,9321
1619
1620
1621,3246,9910
1622
1625,2977
1625,8886
1625
1625
1625,5809
1625,3686,7698
1625,1697,2667,4610
1625
1625
1625,5441
1628
1633,2025
1635,2864,3724,4261,4419,5143,5400,5816,6645,6935,8262,8585,8774,9383,9665
1637,4203,4277,5224,7430,8958
1638
1640,3774
1640,2643
1640
1640,2015,3892
1646
1647
1647
1649,3856,3997
1650
1655
1655
1655
1656,1961
1657
1657,2763,3387
1658,4283,4841,5603
1658,6105
1660,7219
1661,2276,6012
1663,1736,3445,3592,3901,6353,7221,7467,7539
1664,1679
1667,1906,2456,2870,3263,4021,4145,5583,5997,6104,6388,6434
1667,1767,2736,4977,5887
1669,2983,3489,6170
1671,2809
1673
1674
1674,5560
1674
1674
1677,1902
1677,2302,9890
1677
1677,3416,3797,4583,5739
1684,9265
1684,8594
1684,6453,9100
1685,3908,5726
1688,1814,3364,3465,4426,5123,7971,8923
1688,2251,2708,4600,5534,5807
1688,3877
1692,2379
1692,5517,6121
1692,4009
1692,5378,7771,8141
1696,1745,6967
1696
1696,1724,2201,2951,3336,3617,4204,5224,5857,5965,7595,7776
1696
1697
1697,2765,4936,5845,5924,6784,8217,9625
1697,2533,3327,4299,6423,6831
1697
1697
1697,3283,6436,9430
1700,6041
1701,2785,5342
1701
1701
1701
1701
1701,6114
1701
1702,5998
1702,2801,5197,6424
1704,3133,3600
1705,2414,2442,2680,3026,3421,3695,4140,4285,5831,6131,6693,8375
1706
1708
1713
1713,2708,3792
1713
1718
1718,2054
1720,2435,2928,3008,3211,3238,3283,3503,3516,3567,3574,3610,4028,4249,4390,4400,4406,4416,4557,4693,5005,5305,5355,5696,5751,5995,6300,6388,6503,8356,8745,8883,9186,9511,9513
1721
1724,4384,4838,5177,5462,6866
1724
1725
1725,3141,5419,6329
1725
1726,2302,3216
1726
1728
1729,2500
1730,1794
1730
1730,8425
1733,1759,2461,2645,3478,3768,4651
1735
1737
1737
1737
1737
1740
1743,2587
1745,1944,8206,9500
1745,5816
1748,1798,4838
1748,9962
1749
1749,5747
1750,4465,5845
1750
1754
1758,2247,5703,6777
1759,1989,2219,4553,4799,5160
1759,1918,1989,3492,3938,4190
1761,4447,9834
1761
1764,2097,3339,3968,8176
1768,3254,4565
1769
1769
1769,2705,2801,5744
1769,3057,3121,6176,7897,8436
1771,2499,3088,3388,5376,6751,6779,7086,7429,8906,8965
1773
1773,3110
1775,2039,2338
1776,1981,1983,3231,3649,4456,4652,5426,5821,9101,9500
1777,8980
1777,5208
1777,2308,2572,2797,3041,3181,3310,3320,3499,3734,3785,3840,3881,3939,4054,4186,4292,4723,4780,4785,4958,5208,5212,5268,5275,5435,6572,6586,6730,6824,6832,7861,7862,8242,8605,9055,9502,9821
1779
1779,3891,4453,8356,9416,9446,9497
1780,2369
1781
1781,5400
1782,4282,5616,6578
1783,2903
1787,3288,7450,9512
1787,3538,4760
1787
1787
1787,3272,5002,7114,9445
1787,3288
1787,1933
1787,3288,9770
1787
1787
1787
1787,7472
1787
1787,8441
1789
1789
1789,2179
1791
1791,3503
1791,2628,5504,5872,6680,7345,8951
1793,5064,6200
1793,5423
1793,4756
1793
1793,2238,3909,6162,9584
1793
1793
1793
1793
1793
1793
1793
1793
1793,4045
1793
1793,2749,5594
1793,8003
1793
1793
1793,1822,4045,6786
1793,1822
1793
1794
1794,3253
1796,3567,4390,8439,9772
1797,3791,4815,9545
1798,2433
1798
1798
1798
1800
1800
1801
1803,3189
1803
1803,2394,2705,3083,3486,5322,5803,6635,7797
1803,3701
1805
1805
1810
1810,4784,8812,8914,9957
1810
1810
1810
1811,3025
1811
1812,3243
1813,2847
1814
1816,2218,8401
1817,3025
1817,2784,7089,8631,8727
1818,2287,2762,4479
1820
1820
1821
1821,1959,2029,3216,4793,8814
1822
1822,4045,5607
1822
1822
1822,7636
1822
1822,9347
1822
1822
1822
1822,4991
1822
1822
1822
1824
1828,3909,5572,7168,7736
1830
1830,1861
1830,1861,2529,2715,3031,4492
1830
1832,3002,5189
1833
1833,4220
1834
1835,6633,7794
1839
1840,3454,6981
1840
1840,2317,3514,3838,8398,9562
1841,9596
1843,4141,6726
1843
1843,3568,3669,3821,4039,4568,5276,8754,9516
1843,2282,2802
1843
1844
1844,7325
1844
1845,2288,2326,2578,2757,3724,5648,7496
1846
1846,3201,6507,7797
1846,3793,4830,7036
1846
1846,2928
1846
1848,2182,3608
1848,1934
1851,2615,6409,6724
1853,9715
1853
1854,1955,2123,2683,2827,2834,3533,3664,3841,4091,4130,4359,4444,4605,4675,4905,5061,5378,6069,6276,6975,7496,7677,7841,8316,8360,8565,8761,9405,9454,9628,9761,9866
1855,3149,7587
1855,3707
1856
1860,1997
1860
1861
1861,2996,3842,3967,5803,5883,6635,7324
1861,2488
1861,2038,2134,3165
1862,2180,2669,3684,3915,4187,4519,5337
1865
1865,3569
1865,4956,7601,7735,8884
1870,2085,3144,4081
1872,5134
1872
1873
1873
1878
1879,2839,7268
1879,1961
1880
1882,3799
1884
1884
1884
1884,1970
1886,2143,4881,5879
1888,2342,3237,6665
1892
1894,3289,5803,6086,6239,6563,6635
1894,3877
1896,7002
1899,3219
1899,2633,2883,3846,8453
1908,3551
1908,2806
1914
1917,8239,9438
1917
1917
1917,3551
1917,2202,2714,2853,3115,3498,6328
1917,4783
1917,2201,2345,2868
1917
1919,2562,2712,2972,3426,4424,4470,5465,5729,5832,6906,9898
1919,2628
1920,1990
1920,4629,7882
1920,6954,8625
1925,6305
1927,2296,2351,3028,3892,4164,4447
1928
1928
1929
1929,2843,5059
1929,1998,2638
1933
1933
1933,3224,5038
1933
1933
1933,3438
1933
1933,1933
1933
1934
1934
1934
1935
1935
1935
1935
1936
1937
1938
1940,4600
1940,2156,3291,3898,4181,5498,9019
1940
1941,2618,4614,4786
1941,8802
1960,4282,5076,8874
1961,8009
1964,2399,2461,4530,5671,6691,9684
1965
1968,2785,3265
1969,3024,4330,4880,5765,8375,9104
1973
1973,2762,3868
1973,4071
1973
1977,2381,3132,3550
1978,2192,2398,2519,2547,3066,5404
1979,5282
1979
1979,4946
1979,3083
1979
1979
1979
1979
1981,2364,4954
1982,3050
1983,7322
1983,2748,3422,3576
1983,2659
1985,3531,3541
1985,2495
1985,3093,4399
1991
1991,3174,3291,4182
1996,2524,3402,4271
1998
1998
1998,3602,6632
1999,3641,4114
2000
2001,3736
2001,6425
2001
2004
2008,6999
2011,8489
2011,2635
2011
2011,2240
2011
2013
2013,3141,4614
2013,2064,3791
2015,4932
2017
2018,2510
2019,2901,3338
2019,2420,4449
2019,7546
2019
2020,3046
2020,7079
2021
2021,2051,2543,3293
2021
2021
2022
2022
2022,3939,4723,5208,6367,8927
2022
2023
2023,2784,2910,2925,3152,3261,3618,3896,4429,4774,4968,5809,8238
2027,7735,7869
2029,6351
2030,3585,3718,4996,6633
2032
2033
2035
2036
2037
2042,2476,2660,2663,3268
2042
2044
2046
2046,2856,4283,4635,8346
2046,2663,3204,4098
2046,2800,4755,7161,8764
2046
2046,2069,4218,5445,7399
2048
2050,2182
2050,3165,3687,3970,4007,4562,5542,8502,8530,8660,8844,9325
2051
2053
2054,2270,4977
2058,2800,3727,4378,6216
2060,5868
2062,2953
2062,2145,5540,6530,7090,9612
2065
2069
2069
2070
2071,4300
2072,6396
2073,3845,4447,4884,5062,6660
2076,3037,4455,7204
2076
2077,3034
2077
2077,5251
2079,2524,3237
2079,4753
2080,6837
2080
2080,2914,3187
2082
2082
2082,5470,5508,5630,6062,6509
2082,4634,5470,6509
2082
2082,5806
2082,7372
2082,7086
2082,8965
2082,2236
2082,7419,8560
2082,7778
2083,2126,3408,4867,6967,7600,7655
2083
2083
2084,4885,4964,6353
2085
2085
2087,2820,5220
2087,2603,2820,5157,5667
2093
2099
2105
2105,6619,7667
2108
2108
2111
2112,4143,4165,8328
2116,4173
2116,2663,5409
2116,6234
2119,3295,3360,6924
2119
2121,4238
2122
2122
2123
2128,3134,4009
2128
2131,6447
2131,3296,8832
2132
2132
2134
2134,2593,3165,4577,5473
2146
2146
2149
2152
2152
2153,4241,5544
2154,2871
2155,4130,4317
2156,3684,4078,5317,6256
2162
2162,3335,3338
2162
2162
2163
2163,2612
2163
2165
2169
2169
2171
2171
2171
2171
2171
2171,3760,4353
2174
2177,2328,2484,3321,3916,4435,4653,6615,9754
2178
2179,2488,3617
2183
2183
2183
2185,5697
2185,2868,3576,7694
2185
2187,3717,4772
2187,3210,6688
2191,4462
2192
2192,3406,3473
2193
2195,6433
2195
2195,3769,5107,5855,6183,6233,7613
2197,2624,4733,6768
2197,2981,3829,4022,4369,5592
2197,2927
2200
2200,2477,2756,2909
2200,2427,2756,2891,3624,4207
2200,2477,6645,6647,7340,7730,8260,8378,9110,9354,9490,9509
2200,2531,3060,3624,4207,5622,5633,8106
2201,2711
2201,5391,5902,9618
2202
2202,2346,3415,4196,4895,6132,7241
2202,4624,8846
2202,4819,6402,7295,7558
2202,2628
2202,2386,2766
2206
2206
2208,4399
2208,3032,3231,3426,4008,4365
2208
2211,2626,2655,4583,7793
2215,2559
2216
2218
2219,2399,2458,2645
2219,2645
2222
2223
2225,7798
2227,2345,7350
2227
2227
2228
2229
2229,2806
2231
2231
2231
2232,8304
2234,2796,4032,5519,6473,7467
2236
2236
2236,4298,5795,5919
2236,4154
2237
2238
2240,6181,6664
2243
2243
2243
2243,5933,9271
2243
2247,2633,3268,8319,8505,8525
2248,2431,2800,4066,5419,6231,8474
2248
2249,4013,4932
2249,6621
2250,5142,5851
2252,4793,6885
2256
2259,3284
2259
2260,3151,4201,4315,5816,6778,7717,9063
2262
2262
2263
2263
2263
2265
2273,3516,4135,7885,9107,9143
2277,3829,4022,4095,6728,7941
2278,3452
2278,3452,3583,4345,5402,6201,7558
2278,6801
2280,2628
2280,4770
2280,2659,2712,2725,3148,3556,3610,3637,3655,3838,3891,3935,4028,4410,4913,4919,5320,5361,5391,5472,5823,5917,6034,6124,6895,6925,7437,7565,7637,9190,9212,9428,9524,9663
2281
2282,4754
2282,2283,2381,2687,2974,4659,7420
2283
2283
2283,2377,2488,7927
2283,2392,6674
2284,3007,3156
2284,9632
2284
2286,3581,6594,8532
2286
2286,4322,4359
2290
2293
2293
2293
2297,6322
2297,2742
2298
2302
2302
2302,9267
2302,2701
2302,6096,6299
2302
2302
2302
2302
2304
2304,3327,3373
2307
2308,3734,3840,4785,6586,8574,9315
2309
2309
2312
2314,3002
2314
2315
2317,5441
2317,3800
2318
2319
2320
2320,3961
2321
2321,3597,4789,7645,9403
2322
2323,3569,8314
2325,8169
2328
2328,2512,3878,3898,9698,9841
2328
2329
2330,2748,4466,4764,4807,5096,6339,9572
2331,8461
2332
2332,6432,9072
2332,5087,6107,9928
2332
2332
2333,3426,7706,9166
2334,4355
2337,2424,2543,3773
2340,2806,7372
2340
2340,6670
2340,2546,3656,5355
2340,7066
2340,3149,6879,8653
2340,5388,5616,6701,8448
2340,3908
2341,5092,8594
2342
2343
2345,5240,5264,6802,8786,9990
2345,5018
2347,2604,3128
2348,7980
2349,4117,4633
2349
2352
2354
2354
2355
2355
2358
2359,2671,2816
2363,4081,7615
2363,4793,7827
2364,2435,2511,2542,3008,3389,3655,3800,3935,3943,4033,5105,5320,6226,6470,6881,7190,7220,7334,7616,9880
2368,2820,3284
2370,2494,4282,8874
2371
2371,9497
2371,6946
2371,4168,5740
2372,3553,4923,5925,5929,6231,6394,7141,7240,7441,8985,9492,9574,9837
2373,4380,4546,5117
2373,4845,6447,6852,7137,8338
2373,3113
2375
2376,8484
2376,2642,3854,4578,9564
2380,3853,4767,8908
2381,9509
2385,2669
2387
2387,2561,3027,4220,5425,5550,9689
2387,9623
2387
2388
2389,2498,4434
2390,2528,5694,8765
2390,5890
2391
2392,9794
2394
2394,3075,8780
2395,3778,4896
2396,3773,5478
2399
2401,6114
2403
2404,8561
2404,5040
2404,4195
2404
2408,5378
2408
2409,4434,7323,7344,7690
2410,3749
2410,3487,6244,6628
2414
2414,5116
2415,5260
2417,2962,6522,9825
2420
2421
2421
2421,6752,7481,7775,8528
2422
2422,5348,7214
2424
2425
2425,2442,3152,8454
2425,3572,7292
2425,4426,6851
2426,7788,9542
2426,6988
2427,5883
2430,5370,5410,6143
2430,2442,4646,8254
2430,5817
2431
2431
2431,9144
2431
2432
2434,5780
2434,3506,3651
2435,7658,8993
2435,3231,3453,3655,3950,4023,4114,5406,5544,5583,5608,5832,5887,5970,6136,6209,6789,6861,6983,7023,7220,7451,8183,8941,8942,9013,9370,9394
2438,2696,3740,4261,5056,5303,5400,6409,6618,6656
2439
2439,4533,6790,7099,7775,8984,9764
2439,2484,4772,7620
2440
2440
2440
2440
2442
2442,5397,7686
2442
2442,2505,9417
2442,2877,9557
2442
2442
2442
2443
2445
2445,2666,3167,3214
2449
2449
2450
2454,5016,5279
2454
2455,4391,5977
2455,5058
2455
2455,5772,8815
2455,2820
2455
2456
2458
2459
2462,3656
2462
2462,3383,3592
2464,8069
2464,2809,3388,6307,9111
2469,6417
2471,4148
2473
2474,4558,4936
2476,4719
2477
2480
2480
2480
2483
2483
2483,3549
2483
2483,8629
2483
2484
2485
2485
2486,2866,5288,7892,8071,8401
2487
2487
2488
2488
2491,7807
2492,3140,4482,4717
2492
2494
2494
2494
2495,5066,7345
2496,4784
2496
2496
2496,5302
2496
2496
2498
2498
2499,4755
2503,2912,7667
2503,7534
2504,3371
2505,9189
2505
2506,3409
2506,3668,4523,4657,5080,5999,6869
2507,2516,2742,3703
2509
2509,2717,5139,6646
2509,5419
2509,8717
2509,5123
2516,7561
2517,6675
2519,3112
2519,5216
2520,8124
2520,8677
2520
2520
2521,4740,8446
2521
2525
2526
2528,4957
2529
2529
2529
2530
2530,5256
2537,9500
2537
2540,4076
2541
2542
2542,4299
2543
2546,5355,5711
2546
2546
2546,4005
2546
2546
2546
2548,2572
2559,6000
2560,4699
2560
2562,8342,9506
2562,8637
2562
2562,2900,8086,8113
2562,4648
2562
2563,3087
2563,4625
2566
2566,5215
2566
2567,2705,4581,4665,5362,7195,9013,9394,9573
2569
2569,3581,8361
2569
2571,2601,7895,8085
2571,5229,5827,7716
2573,3273
2573
2576
2576,5555,6103,6488
2576,5246
2577,9813
2580,3445
2581,4602
2581,3239,5817
2583,4313,4711
2583,4283
2583
2585,3854,3944,6290
2585,5728,6608,6994,7325,9138
2586,3745
2586
2588,3438
2588
2588,3288,4376,6198
2588,4935
2591
2591,4679
2593
2594
2595
2597,3018
2598
2598,3383
2601,3657
2601
2601
2603,3550
2609,8339,9419
2612
2615
2616
2616
2616
2618
2619,3044,5683
2623
2624
2626
2627,4570,4609
2628
2628
2628,4603,4821,5697,6477,6861,9327
2628
2628
2630
2632
2633,2705
2633
2633,4036,9237
2634
2634,4623
2635
2635
2635,5543,9648
2635
2635
2635
2635
2635
2635
2636,4002,5838,8550
2638,3261
2638
2638,5727
2645,2735,4371,8465
2646,5470,6509
2649
2649
2650
2650
2650,9461
2652
2652
2652
2652,8489
2652,3961,6213
2653
2655,6169,9631
2656,5780
2656,3651
2656,3266,3301,3651,3854,3944,4179,4415,5339,5516,5535,5962,6217,6421,6576,6651,7076,7355,7685,8287,9110,9806
2659
2661,3007,3555,4100
2663
2664,9291
2665,4817
2667
2667
2667
2667
2667
2668
2672
2675
2678
2679,3468,3973
2680,4979,4992
2681
2681
2681,9001
2682
2682
2683
2685,3422,3426,3549,4023,4198,6098,8190
2686
2691
2691
2695
2697
2697,4279,5563
2697
2698
2699,5646
2699,3397
2699
2700
2700,7261
2701
2701,4357
2701,4422
2701
2701
2701
2704,5845
2705,3238
2705,8231,8935
2705,6176
2705,3083,3486,5322,5759,6658,7797
2705,3083,3389,5322,6658,7797
2706,4732,8125
2706,5250,5278,6303,6641,7322,7705,8955,8991
2707
2709
2709,4104,4845,4870,5907,5931,6018,6119,6535,6736,7090,7262,7909,7952,8221,8226,8357,8430,8504,8609,8760,8819,9281,9605,9707,9784,9819
2709,7904
2709
2711
2711,3238
2713,4772
2713
2714,4403,4408
2714,3836,4166,5419,9071
2714,5757,6396
2715
2715
2717,4614
2717
2717
2717
2717
2723,9718
2723,6443,9115
2723,5174,6213
2723
2725,3045,3919,4049,4541,4814,5535,5552,5583,5736,7685,8414,8543
2726,2962,4372,4523,4962,5197,5828,7698,7729,9452
2731,6373
2731
2733
2733,5598
2735,4124,5577
2735
2736,4385
2736,3550
2736,5070
2736,8096,8269,9363
2736
2736,8537
2736,3686,3751,4302,5751,6088
2738,7995
2740,3375,3375,4052,4888,6182,6182,7410,7785,8728
2740,6535,7410
2740
2742,5418,7198
2742,4839
2744
2744,6633
2744
2745,2920
2747,5478,9930
2749
2749
2749
2749
2749
2749
2749
2749
2749
2749
2749
2749
2749
2750,4112
2753,4035,4272,4389,6483,6626,6631,6875,7677,7942,8908
2755,7344
2758,6855
2761
2761
2761
2762
2762
2766,2867,4973,5563
2768
2771,3386,9196
2775,8960
2775
2777,5623,5709,7455
2777
2778,6230,6402,8236
2778
2778
2778
2784,8382,9001
2785
2785
2785,4530
2785
2785
2787,3141
2790,3703,5177
2790
2793,4128
2793
2793
2793,4039,4283,5087
2795,5098,5252,5886,7222,7694,7903,8436,8473,8614,8852
2799,4424,5597,5613,5810,6136
2800
2801
2801
2801
2801,4409,5904,6339,9035,9713
2801,9955
2801,2826,3032,6412,7956,9543
2802,4774,6049,8269,9600
2809,4429,5933
2810,5867
2813
2816
2816,5759,6911
2816,4214
2817
2817
2818,3069,5529,6990,7363,7365,7397,8138,9621
2819,3586
2822
2822,5941,6134
2824
2826,5597,7221,7897
2831,2904,3951
2831,3933
2832
2832,4882
2836
2837
2837
2837,4166
2838,8866
2838,8995
2838
2839
2839,4629,7458,8007,9820
2843
2845
2845,3430,9647
2845,3777,4751
2845,3769
2847
2847
2847
2848
2848,4755
2849,3878,7645
2851
2852
2852
2853,7665
2855,3510
2855
2855
2857,3581,7496
2867
2868,4732
2868
2870
2872
2873,3541
2877
2878,3865,3956
2880
2880
2882
2883
2885
2885
2885
2886
2886,6372
2886,7400,8827
2888
2891,6592
2891,8440
2896,9835
2898,3672,7377
2901,6728
2901,3166,3328
2902
2902
2902
2908,7871
2909
2909
2911,3937,4794,7047,7080
2913,4073
2914
2916,9021
2916,4216,4418,4979,5034,6816
2917
2917
2918
2923,9924
2925,5514
2926
2928,4151,7686,8732,9534
2928
2928
2928
2928
2929,7797
2933,6474
2933
2941
2942,3022,4865,5163,8558
2943
2943
2945,3296,6232,6327,9552
2945,6028,7184
2948,4391
2950
2952
2952
2952
2953,3092
2955
2956,3226,4248
2961
2961,4667
2967,4468
2968
2968
2969,6499
2972,5997
2972,3405,4648,6286,7136,8089,8178,8252,8344,9167,9807
2982,6553
2983,4424,9925
2984,3020
2985,3273,9137
2985
2994,7357
3001,3838,4679
3001,3684,7092
3003
3003,9143
3004,5686
3007
3007
3007
3008
3008
3009,7765
3009,3810,5806
3009
3009
3009
3010,3757,3844,5091,5161,5254,5973,6038,6456,6968,7135,7177,7569,7616,8306,8435,9072,9568
3012,4254,6696,8741
3012
3012,5087
3012
3014,5601,5683
3015
3017
3017,4008,4569,6412,7284,7367,7877,8744,8955,9370
3018,3876,4294,4506,6715,7433,8030,8830
3019
3020,4965,9995
3023
3023,3545,4106,4155,4511,7645,7762,8030
3023
3024
3026
3026,5045
3026,5228,9700
3026,4414,6992,9031
3027
3029,4083,5250,9132,9370
3031,3283,8540
3032,6014,6967,7166,9117
3032,4469,6899,8113
3032
3032
3032
3032,3078
3034,3197
3034
3034,5441,6670,8728
3034,6474,8717
3042,3067,3386
3045,6206
3046
3047,4487
3048
3048
3048
3048
3048
3049,7727,9533
3049
3049,7917
3058
3059,3549,4135,4823
3059
3062
3064,3751
3064
3064,5039
3064
3067
3069
3070,8626
3070,9663
3070
3070
3072
3074,3667,8809
3074
3075,4480,5245,7250
3075,9564
3075
3075
3075,5213
3075
3075
3075
3075
3075
3075
3075,7966
3075
3075
3075
3077,7231
3081,4023,4365,6098,9258,9258
3083,4065,4308
3083
3083
3083,5015,8401,9157,9925
3083,4080,4633
3084,5890,6901,7130,7653,9007,9169
3084,4154
3084,3992,4925,5444,5733,5890,8841,8922
3087
3087,7268
3087,7176
3088
3088
3092
3092
3092
3093
3097,3836,7089,7517,9910
3098,3366,3709,6509,8199
3102,4335,5642
3104
3107
3109
3109,5980,6445
3110,7222
3112
3113
3113,4159,5139,9346
3115,5264
3116,6848
3118,8120
3119
3122
3123,3265
3123,7292,7372
3124,3508
3139,6856,7814,9941
3140,4151,7508
3140
3140,4327,4637,6931,7224,7962,9420,9866
3141
3146
3146
3146
3146,8379
3146,5079
3146
3146,6501
3146
3146,5553,8284,9288
3146
3148,3485,3830,5059,7878,9988
3148
3149
3149
3149
3149,4538
3149
3149,7372
3149
3149
3149
3149
3149
3149,4174
3150,5628,7161,7676,8326
3151
3152,4211,4323,4399,5154,5180,5336,5664,5809,6337,6559,6687,7612,7918,8238,8598,9004,9442
3155
3156
3156
3156
3156,3253,3638
3159
3160,6911
3161,3845,4629,4845
3163
3165
3165,3326,3862,7776,8660
3165,5981,9013
3165,5473,6115
3170,6318
3171
3172
3174,8651,9019
3176,4087
3178
3178
3179
3180
3182,5661,5867
3187
3187,4265
3187,8479
3187,5120
3188
3192,8141
3193,3577,4497
3194,4098,4362,4600
3196,3493,7582,8966,9391
3196
3196,5270
3196
3196,7587
3199
3201,4679
3204,3823,5642
3207
3208,4232,5416,7140
3210,4454,5384,8512
3211
3211
3212,6455,7681,8047
3212
3213
3217
3218
3218,6248
3219,4538
3219
3219,9579
3224,9512
3225
3225,9219
3226,9328
3226
3227
3227,9990
3231,4833
3231
3232
3232
3233,5622,5633,6532,7306
3233
3233
3233
3238,4122,4791
3238
3239,5890
3239
3239,3239,4864,4864
3239,3644,6340,7589,7670
3239,7244
3245
3246
3251,5990
3251
3251,4760,6198,7043
3251,4760
3251,8466
3253
3253,7261
3253
3253,6623,7482
3253,3386
3253,4858,5617,6062
3253,5977
3253,5686,7789
3255,4992
3256,4332,8633
3256,5505
3259,6682
3261
3263
3266
3268
3268
3268
3268,3718
3270,3361,3795,5229,9287
3271,4076,8827
3272,5706
3272
3272,8466
3272
3272
3272
3272
3274,7152,9079
3275
3281
3281,5259
3282
3282,5762,7328
3284
3285,5393,6214,7672,8041
3285,3637
3285
3285
3285
3285
3285
3286,3614
3286,3614,3918,4289,4542,4548,4632,4836
3286,3614,3918,4289,4542,4632,8448
3286,3614,3918,4289,4542,4548,4632,5030,5243,6823
3286
3286,3614,3918,4289,4542,4548,4632,5030,5243,6823,8465
3288,5990,8441
3288,7823,8263
3288,5002,7114
3288
3288,4935,7294,7450,7450
3288,4376
3289,6086,6563
3289,8875
3289
3289
3289,8844
3289
3289
3290,4377,4923,5669,5891,5894,6638,6946
3291
3293
3295,4193,5875
3296
3296,3791
3296
3296
3299,3667,3979,5087
3299,7141
3301,3854
3305,3383
3305
3305,5495,8046,9992
3309
3312,6958
3313
3314
3314
3316
3316
3317,6096
3320,7334
3320
3320,3331,3392,3645,3734,3761,3785,3986,4090,4331,5495,5529,5549,5624,5765,5968,5996,6526,6781,7142,7540,7594,7878,8220,8752
3321,6191,6636
3321,3969,9549
3322
3322,4435
3324,5462
3324
3326,3687
3327,8300
3327,7871
3327
3328
3328,5333
3328,7975
3329
3330,3510,7788,9086
3333,4309
3335
3335
3335
3335
3335
3336,4170,8820
3340,3560,3680,4251,7214
3343,4430,7582,8905
3343,4051,4610
3345
3346
3346,4638,6999,7419
3347,7687
3351,3575,3836,7216,9071,9156
3354,6329
3354
3360,6981,8460
3360
3360,7394
3364
3368,9718
3373,4828
3374,3513,4678,5507,6829,8986
3375,4052,4888,8920
3379,7952
3379
3383,3383
3383
3383,5335,8954
3383
3383
3383
3383
3383
3383
3388
3389,8844
3389
3389
3389,8365
3392
3399
3402,4847,6106
3405,5850
3405
3406,8417
3407
3409
3409,4674,7358
3409,5132,8013
3409
3412,3869,6012
3412
3412
3413
3413,5610,5873
3414
3415,6124,6956
3416
3418
3418
3420
3421,4833,7865
3422
3422,4564,4637,7321
3422,7877
3422
3422,6145,6766,9016
3424,5533,5729,5757,5965,6433,6725,6735,6981,7230,7595,7618,8530,8810,9007,9056,9662
3426
3426
3426
3426
3427,4865,6615,9689
3430
3432
3433,9246
3433
3433
3433,7093,9632
3434
3434,5025,6127
3435
3436,9290
3437
3438,9683
3438
3438
3438
3438
3438,5373
3438,8447
3438
3438
3442
3443,3680,3876,4127,8216,9026
3443
3443
3443
3443
3447
3447
3455
3455
3458,4420
3458
3458
3459,8290
3461
3464,4672
3468
3471
3474
3475
3476,5363,5499,9604
3479
3479,5102
3481,9021
3481
3481
3481
3481,8632
3481
3482
3482,5141,7543,9549
3482,5753,6386,7670
3482
3485,6220,6593
3485
3486,5322,5759
3486,5759
3486
3487,9081
3488,3572,6879,7656
3493,8420
3493,5980
3493
3495
3495
3499,8913
3503
3504
3506
3506,6630,6651,7405,9821
3506
3506,4689,4851,5780,7406,8415
3506
3508
3508
3510
3513,4276,8317
3514
3515
3516
3518
3522
3522,4718,6719,7230,9244,9618
3522,8512
3525
3525,8788,9793
3525
3526
3529,4231,4447,5585,6229,7098,8961,9057,9104
3531
3533,6748
3538
3542
3542
3543,4729
3549,4324
3550,3929,4220,5556,7370,7882,8469,8470,9991
3550
3550,3929,5157,6552
3550
3550,5090
3550
3550
3550
3550
3550,4659,6486
3550,6695,7969
3550
3550
3551,4154
3552,8276
3553
3555,5175
3555
3555
3556,4146
3558,4005,7328,7388
3558,3637,4393,5729,6911,7100,7252,7708,7751,8125,8231,9007,9687
3558
3558
3559
3564,3639
3564
3566
3567,4347,4431,5427
3568,5348,7777
3568,4391
3568
3570,6948
3574,8683
3574,6018
3574
3575,6345,9112
3575,3658,5008,5351,5995,6841,8665,8688
3575,3662,4053,5878
3578
3578
3578
3581,6389
3581
3587
3591
3591,5935,8707
3592
3595
3596,4031,5208
3596,5028,6697
3597
3597
3597,7292
3601
3605
3606,4136,6110,6631,8877
3607
3608,9157,9790
3608
3609
3610
3610
3610,5845
3610
3610,5005
3615,7096
3616,4801,8769
3616
3618,4137
3618
3619
3620
3621
3623,3713,3845,5342,6059,9057
3623,8133,9507
3623
3623,3727
3624,4710,9003,9886
3626,3726,7734
3630,8842
3630,7491
3630,6679
3631
3636,5348
3636,5988
3637
3637
3637
3637,6967
3637
3637
3637,5264
3638,3911,5404,5627,5629,6475
3638
3639,5351
3642
3642
3642,6768
3643
3644
3644
3649,5888
3649,4403
3650,6917,9957
3655,3888,4033
3656
3656
3656
3658,5351,5718,9124,9496,9818
3662,4439,9112
3667
3667
3667
3669,3821
3671
3675
3676,4100
3676,3763
3680
3685,8016,8055,9496
3685,4824,5623,6983
3695,5336,5483,5841,6922
3695,8157
3696
3699,6636
3700
3701,5726
3701
3701
3701
3701,5197
3701,6989,9755
3701
3701,9785
3701
3701
3703,8348
3706,8918
3710,7276,7671
3714
3715,6155
3717,4597,8688,9631
3719,7204
3719
3719
3720
3721,9214,9489
3721,6362
3721,8423
3723
3724
3727,6779
3728,4060
3729
3732,4442,5572,6145,7185,7736,7764,8392,8494
3734
3734
3735
3735,4034,4175
3735
3736,8235
3736
3737,5561
3738
3742
3743
3745
3745
3746,8309
3755
3755,8471
3757,5085,5355
3757,9759
3757,4361,6376
3758,4584,7003,7519
3758
3758
3759
3759
3759
3760,6533,8399
3760,4924,5108,5423,6200,6306,6324,6399
3760
3760,4353,4756,4924,5525,6324,9405
3760,8559
3762
3765
3766
3767,4755,5051
3770,5921,6719,9165,9433
3770
3771
3771
3773
3773
3773,5296
3775
3777
3778,4829,5987,9306
3780,6931
3781
3781
3783
3785
3787
3789
3789
3792,5057
3792,9322
3793,4830,5793,9880
3794,5306
3794
3795
3797
3797
3799,4360,5966
3800
3802,5392
3802,9384
3802
3802
3808,8319,8475
3808,3955
3809
3810
3813
3815
3815
3817,4154
3817
3819,5264
3821
3821
3821
3823,5102,6519
3826
3827,4173,7270,7813,8420
3829,4022
3830
3832,6768
3832,3990,4425,4820,4867,5410,6143,7250,8851
3833
3836,9071
3836
3839,4801,5547
3841,5966,6194
3842,5542,6052,6717,8660
3843,5441
3845,7722
3845
3846
3848
3849
3850,5087
3850
3850,4113,4962,5082,5828,6117,6877,7735,8258,8314,8858
3854
3854
3854
3854
3854
3854
3855,5350
3855,4737,4738,5832
3862,4007,5757,7926
3862,5345,6911,7687
3863,4737
3864
3864
3864
3864,5342,5501,7343,7804,8777
3864,4930,5432,6312,7516
3864,7314
3867,8601,8682
3867
3869,4009
3869
3869
3873,4747
3874,5410,6592
3874
3874
3877
3877,4692,4964,7634
3877
3877,6958
3880
3880
3880
3880
3883
3886
3887,8852
3888,9544
3890
3893
3895
3895,6008,6289
3896
3897
3898,6492
3898,5261,6294,7139
3899
3899
3900
3901
3903,5315,5931,7176,7756,8479
3906,4895,6661
3908
3915
3917
3918,4289,4542,4548,4632,5030,5243,6447
3921
3922
3930
3930,3949,7292,8472
3930
3930
3933,8617
3933,5777
3936,7343
3936,6154,6877
3937,5568
3940,8905
3944,4474
3944,8599
3949,7115,7648
3950
3950
3950,4123
3950
3950
3952
3952,7789
3954,9024
3956,4076,4223
3956
3956
3959,8157
3959
3959,4451
3960
3961,4840,7261,7871,9072
3961
3964
3966,6335
3967
3967,4267,5403
3967,5729,7975
3967,5757,6052
3967
3973,8565
3973
3976
3979
3981
3981,6362,9457
3981,8700,9124
3984,4154
3985,5469
3985
3985
3985
3987,4114,8520
3989
3989,5951,6351,7056
3991
3992
3996
3997
3998,4174
3999,4393,8526,9438
3999,6053,7282,9077
4001,4263,4931,5010,8654,9961
4001,4202
4004
4005
4008,6205
4008,5546,5584
4008,6205
4008
4008,7369
4009
4009
4009,5355
4009
4009
4009,9021
4009,4081
4009
4009,5355
4009
4009,9236
4009
4009,4538
4010,6618
4011
4011,6358,7637,8835
4011,7137
4011,6753,9072,9350
4012,4554,5258,6331,6738,8078,8172,8424
4012,5072
4013
4013,6329
4013
4013
4017,4310,4955,5093,5433,5553
4020,4178
4021
4024,7116,8241
4028,4737,5252,5426,6476,9159
4029,7471,8231,8467
4030,5755,8482
4032,6474,7034,7215,7285
4035
4036
4036,8995
4036,4307
4038,4248
4039
4039
4039
4043,4810
4045
4045
4045
4045
4045
4045
4045
4045,6819
4045
4045,6253
4045
4045
4045,4185
4046,6420
4047
4047
4050,7808
4051
4052,4888,6014,6014,6182,7410,7785
4052,8141
4057,4079,6299,9951
4057,4304,6199
4058
4059,4823,5610
4064
4067
4067,4092,4614,5397,7079
4067,5863
4069,4258,4603,4985,5883,6477,6664
4072
4072
4072,4803,7709
4074
4075
4076
4076,4223,4562
4077,6303
4081,4400,6500
4081,9021
4081,8448
4081
4085,6073,6779
4086,8297,8881
4086,4505,4804,5450,6370,6897,7702,7956,8392,8642,8744
4087
4088,6964
4090
4093
4093,9831
4093
4093,7259,7678,7871
4099
4099
4100,8195
4100
4100
4100
4101,4459,4608
4102,4365
4106
4107
4107,8369,9461,9919
4107,7452
4112
4114
4114
4114,5038,7626
4114,6674,8331,9341
4114
4114,7626,8610,8734,9704,9708
4114,7626,8610,8734,9704,9708
4114
4116
4116,4614,5604
4117
4119
4123,9582
4125
4126
4126
4128
4130
4130
4133
4133
4136
4136,7060,7292,9166
4136
4136
4136,5094,7385,8877,9957
4137,9533
4137,4254,6500,9267,9300
4137
4138,9607
4141
4141
4143,5817,8540
4143,5178,6494,9769
4144
4144,4538
4144,7256,9515
4146
4147
4148
4151
4152,4783,7209
4153
4154
4154
4154
4157,9205
4157
4158
4158
4158
4158,8381
4158
4160
4160,5812
4160
4161
4161,9285
4161,4573,9500
4164,6191
4165,8364
4166,4347
4166,4268
4166
4166
4166
4167,5582,6681
4168
4169,6305
4174
4174
4174
4174
4177,4439
4178
4179,4930,7688,7863,7926
4179
4181
4181
4184
4185,5246,9548
4185,8391
4186
4186,5268,5413,6586,7452,7553,8937
4189
4189
4189,9158,9324,9837
4191,4191
4191,8191,9275,9670
4192,5088
4195,7391
4197,9117
4197,8659
4197
4200
4201,4419,4575,4690,5438,5491,5590,5621,5683,5816,6404,6409,6632,6702,6860,6935,7075,7083,7216,7236,7323,7720,7853,7858,7878,7891,7925,8257,8585,8602,8753,8774,8870,9061,9615,9661,9767,9822
4202,4727,5967,6102,6272
4202
4204
4211
4211,7912
4211
4211,5426,5850,5917,9869
4213,8489
4213
4213
4216,9060
4216,5625,6488
4218
4220
4220,4810,6382,6633,7971
4220
4221,6787
4223,4580,4681
4225
4229
4230
4235,9770
4235
4237
4241,5768
4244
4244,7668,8010
4248
4248
4248,9285,9325
4249,9396
4249,4882
4249
4249,6636
4249
4252,4762
4252
4258
4260,4260
4260
4260
4260
4260,8865
4262
4264,4980
4264
4265
4265
4267
4267,4393,5223,5583
4267,6103
4267,6004,8436,8500
4267,4701,5533
4267
4274
4274,4873
4274
4279,5230
4280,5846,6420,8217
4282,8874
4282
4282,8874
4282
4282,5155
4282
4282
4282,8874
4282
4282
4282,7309,8386,8783,9454
4282
4282
4282,8874
4282
4282
4283
4283
4283
4283
4283
4283,5445
4283
4283
4283
4283
4285
4287
4290,9602
4291
4292
4294
4294,5166,5282,6422
4295
4296,6322
4296,7212
4298
4299
4300,4899,6474
4300
4302,4391
4304
4304
4306,9802
4306,6969
4307
4307,4853
4312,4738,6415,8991,9681
4313
4319
4319,4337,6607,6917,8908,9025
4322
4323
4323
4323
4324,5102
4327
4329
4332
4332
4333
4334,5092,5295
4335
4337
4338
4341,8084
4343,6529
4343
4344,6297,6618,8669
4346,7229,9249
4348
4348,5120,5798,8523
4350
4352,5128
4353,5423
4353
4355
4355,5029,6122,8054,8203
4357
4357
4362,9309
4364
4364
4364
4365,6974
4365
4365,6960
4365,7818
4367,5235,6984,8789
4367
4371
4372,5158,5748
4372
4372
4372
4376,7450,9683
4376
4376,7450
4377
4381,4805
4382,6690
4382
4384
4384
4384,5416,6105,9057
4384
4387
4390
4390
4391,4614
4393
4393,7557
4393
4394,4413,6021
4395,4692
4395,6234
4395
4397
4397
4397,5424
4399
4399
4399
4399
4399
4399
4399
4399
4399
4399,9001,9143
4399
4399
4399
4399,4399
4399
4403,6636
4403
4403
4403
4403,9349
4403
4404
4405
4406
4408,4818
4409,6783,7460,8808
4409
4411,4536,8220
4413
4413,4609,4838
4414
4414
4414
4414
4414
4414,5693
4414
4414
4417
4420
4421
4422,5903,6787,7169
4422,8973
4422
4422,8956
4422
4424,6753,9633
4424
4425,4867,5370,5410,5684,6080,6143,7250,7600
4425,4867,5410,5684,6080
4425
4426
4427,7154,9641,9930
4427
4429,5695,7290
4429
4431
4431
4437,7754
4442
4442,4841
4446,6235
4447
4448
4450
4451,5286
4453
4454
4454
4454
4455
4456
4456
4456,7389
4456
4456,9325
4456
4462
4463,4728,5041,6211,9288,9288
4465
4466,6176,6343,6493,7445,7956,9423
4466,7202
4467
4468
4468
4470,6861,7777
4473
4474
4474
4475
4475
4475
4477,7842
4477,5531,5806
4478
4478
4480,6088,8690
4480,4672,5069,7032,7055,7616
4481
4482
4489
4489
4489
4490
4493
4495
4495
4495
4495
4495,5353,8947
4496
4499,8091
4500,6911
4500,7934
4501
4502,6148
4503,5437
4509
4509
4509
4511
4512
4515,6454
4516
4516
4516
4518,9311
4518
4519,8655
4519
4520
4521
4526
4526,7602
4530
4530,5867,6188,8049,8222,9526
4530
4531,6184
4537
4538
4538
4540
4557,6016,9423
4557,5427,7751,8877
4558,4679
4558
4560,7089
4563,5719
4564
4569,6560
4569,6091
4569
4569,8125
4571
4572
4573,5473,8443,9106,9500
4573,9500
4576
4579,4859
4581
4581
4582
4582
4583,4740,5814
4583
4583
4583
4587,4662,6391,6402,6542,7546
4591
4591
4591
4591,8466
4592
4594
4594
4594
4596
4602
4602
4602
4603
4604,5850,6176,7125,7224,7682
4604
4604
4605
4607
4609,5313
4610
4610
4610
4612
4614
4614,6546,7296
4614
4614,8547
4614,9503
4614
4614
4615
4615,8024,9390,9426
4615,9641
4616
4617
4622,4832,6607
4624,9837
4624
4625
4625
4625
4628
4628
4629
4629
4631
4633
4634,8508,9302
4634
4637
4637,5513
4639,7292
4639
4644
4648
4648
4649,7340
4649
4649
4652,9101
4652
4653
4653
4654
4655,5250,8780
4655,5689,7658,7897,8292
4656,5410,5609,6143,7250,8862
4659
4659
4659
4659
4659
4659,6550,9937
4659
4659
4663,9383
4664,4767,4843,5452,5529
4665,6009
4666
4668,5725
4669,5402,6201,7759,7880,8225
4672,7416
4676,5647
4676
4676
4677
4678,7292
4679,6906
4681,8921
4681
4682,7735
4684
4685
4688
4689,6408,7799
4689
4689
4689,5780,6408,9695,9730
4689,5001
4691,5728
4693,5646
4693,6711
4694
4694
4695
4695
4697
4697
4701
4701,8774,9710
4702,6070
4702,8736
4705
4707
4707
4707
4707
4708,5855,6477,6691
4710
4711
4711,4853
4715
4715
4715,5059
4715
4715
4716,7429,7778
4721,5806
4723
4725
4725,9990
4727
4727
4729,8937
4732
4734,7706,8061
4735
4736,6473
4736
4737
4737,5272,5651,5850,7085,7194,9089,9467
4738
4742,5720,6974,9035
4743,7837
4743,7837
4743,7837
4744
4746,7783
4747
4747
4747,8307
4747
4747
4748
4748
4751
4752
4752
4752,4918,5850,6904,9362,9603,9738
4755,6917,8931
4755
4755
4756
4756
4756
4758
4759
4760
4762,7286
4762
4762
4762,8007
4762,6976,8234
4762
4763,8919
4763
4763
4763
4763
4765
4765
4765
4765
4766,6093,7276,9724
4766
4766
4766
4766
4769
4772
4772,4827,6779
4772
4772
4777,9995
4778
4780,8259
4782
4783
4784
4784
4784
4784
4784,7137
4784,9511
4784,6161,6375
4784
4784
4785,5208,8259,9502
4787
4788,5407,8849
4789
4790,6207
4790,6207
4790,6798
4790
4792,5038
4792,5053,5208,6367,8927,9315
4792
4792,8913
4792,5208
4794,5117,5270,6796,8963
4798,5441
4799
4803,6639,7237
4803,8346
4804
4807,7369
4807
4808
4809,9866
4809
4810,6932
4811
4814
4818
4818,8335
4818,6515,7159
4818
4819,7295,7558
4819
4820,4989,7214,9363,9503
4820,4989
4820,7056,8113
4820
4821,7926
4823
4824
4828
4828
4829
4829
4829,7591
4829
4829,6432
4832
4833
4833,6001,8351
4834
4838,6818
4838
4838
4840
4841,4896,8483
4842
4845
4845
4845
4845,8580
4845
4853
4853
4854
4855
4856,9768
4858,8638
4858
4859,6669
4861,4936
4861
4865
4867,5370,5410,6143,7250,8398
4868
4872,5146
4875,4962
4878,6221,7036
4879
4881
4882
4882
4882,6328
4882
4882
4882,9857
4882
4882,5876,8317
4885
4885,5318
4890,9291
4893
4895
4895
4896
4896
4896
4898
4899
4899
4901
4905
4907,4962,6499,7746,8333,8661,8947,9159,9307,9374
4908
4908
4910
4912
4913
4919,8583
4924,5386,8175
4930
4930
4934,5959
4934
4935,8441
4935
4935,7043,7831
4935,7294,7450
4935
4936
4936
4936
4936
4936,8217
4936
4936,6410
4936,6410
4936
4936,6962,8465
4936
4940
4940
4942
4943
4945,8308
4945
4948,5766,6049
4948
4954,6421,8108
4955,6828,8401
4955,5695
4956
4956,8405
4956
4956
4960,6825
4960,7777,8688
4962,5544
4962,8971
4962
4962,5828
4962
4962,5603,6594,7954
4962,5828
4962,9889
4965
4968
4968
4969
4969
4969
4970
4971,5514,7205
4972,5182,8435
4973
4975
4975
4977
4978
4978
4979
4980
4980,9967
4981
4982,5731,6297,6632,8648,8774
4983
4983
4987
4987,7701
4988
4989
4990,5285,6742
4990,8536
4991
4991
4991
4991
4991
4991
4991,6819,7636
4991,7636
4991
4991
4991,7636
4991,7636
4991,7636
4991
4991
4991
4992
4992
4992,9266
4992
4992
4992
4992
4996
4996
4999,5940
4999
4999,8472
5001,8546
5001,7531
5002
5002
5002,9610,9829
5002,5706
5002,9445,9610
5005
5006,9995
5006,5600,5871,6942
5009
5011
5011
5014
5016
5018
5018,9484
5019,7444,7723,7990,8390
5021,5096
5021
5022
5023
5024,5206,5385
5026,5945,7265
5027
5032
5032
5032
5032,7400
5032,5532,6565
5038,8980
5038,7334
5038
5040
5041,6078,6510
5044,5499
5044,5499
5044,6304
5045
5045,9473
5045,7948
5045,5088
5045
5045
5046
5046,7472,9555
5046,6089,7937
5046
5050
5050
5051
5053,6832
5053
5054,8007
5058
5059,6258
5059
5059,6679
5059
5059
5061
5062
5063,9955
5064,7488,9271
5064
5064
5064
5064
5064
5065
5065
5066
5066,7363
5067
5070
5075,5241
5075,5148,7288,8113,9130
5076
5077
5078
5078
5078,5543,7201,8206
5078
5078
5078
5078
5078,7201,9596
5079
5079
5081
5084
5085,5712,8065
5085
5087
5087
5087
5088,9083
5092
5094,5657
5094
5094
5094,8338
5094,8201
5094
5094,8338
5096,5250
5096
5098
5098
5100
5101
5102,6216
5102
5102
5102
5102
5102
5102
5103,5416
5103
5104
5106,5473,6735
5106
5111,8205
5111
5112
5116,8532
5116
5119
5122
5122
5125,9801
5126
5128
5128
5130
5130
5130,8480
5130
5130
5132
5132,6184,7416
5133,5776,8314
5133
5133,8277,8505,9759
5133
5133
5133
5136,5946
5140,5959
5144
5144,5876
5148,5542,5729
5149
5149,5570,5795
5150
5150,5276
5154
5154,7332
5161
5169
5173,5181,5331,5366,5586
5175,5292,8593
5175
5177
5180
5183
5183,9423
5183,7194,8178
5183
5183,8178
5183,9206
5186
5186,5874
5188
5189,8565
5189,6982
5190
5191,6552,6566,8230,9215,9907
5191
5199
5200,7837,9011,9497
5200,6098,6522
5200
5202
5205,8181,9527,9567,9898
5205
5206,6546,8190,9552
5208,5212,5275,6572,6586,6832,9502
5209,7528
5210
5211,5371,8019
5212,5268,5413
5212,6586
5213
5216
5219,5987,8459,9396
5220
5223,5465,8810
5230
5231
5233,7441
5234,6222
5234
5237
5237,7271
5238
5238
5238,5973
5238
5241
5243
5244
5245
5245
5245
5245
5246
5246
5246
5246
5247
5250
5251,7508,8586
5257,5462
5258
5258,6202
5262,6459
5262
5264,7558
5264
5264
5264
5264
5267,7892,8380
5270
5270
5271
5271
5272,9618
5275
5276,6639,9949
5276,7805,7882
5277,9831
5278,5810,6334,7284
5280
5280
5281
5281
5281
5281
5285
5287,6186,6492,7124
5290,8539
5291,7531
5291
5294,7768,8734,9813
5296,5620
5296,7944,8421,9064,9872
5298
5298
5298,8949
5298
5300,5584,9467
5303
5305
5309
5309
5310
5312
5312
5312
5315
5318
5318,5525,7722,8790
5318
5318,5423
5318,6439
5319
5321,5733
5322
5322,6658,7797
5322,5759,7797
5326
5326
5326
5326
5329
5332
5332
5333
5334
5335
5339
5342
5343,8916
5343
5343
5348,9267
5348
5348
5348
5348
5350,7634
5353,5971,6991
5353,5971
5355
5355
5355
5355
5355
5355,9513
5358
5358
5360,6158
5362
5362,6711
5362
5362,6680
5368,6088,8184
5370,5410,6143,7250
5373
5373
5373
5373
5376
5377,8604
5378
5378
5385
5385
5385
5385
5386,7762
5386
5386
5388
5391,7389
5391
5392,9236
5397
5401
5403,5803,6086
5403,5803,6086,6239,6563,6635
5404,5931
5406
5406
5407
5407
5410
5412
5412
5412
5413,6586,8052,8242
5413,8242
5416,5709
5416,9792
5418
5418
5419,9511
5419
5419
5419,6675,8433,9960
5420,7778,9478,9684,9874
5424
5426
5426,8991
5426
5428
5428
5429,5515
5433
5436
5441
5441
5441
5441,7219
5441
5441
5450,5736,6700,6803,7367,8364,8834
5451
5451
5452
5452,7588
5452
5454
5454
5454
5455,6755
5456,8348
5456,9232
5460
5460
5460,6908,8920
5465
5465
5466
5470
5471
5471,5713,5786,7873,8034,8934,9765
5471
5473
5473
5476
5476
5478
5478,5556,6042,6413,6594
5479
5480
5480
5482
5485,5936
5486
5487
5487
5489
5492
5495,7967
5498,8183
5498
5499
5500
5505
5506
5506,7471
5506
5507
5514
5517,5914,9722
5523
5524
5529
5529
5529,9287
5530
5530
5530
5531,8355
5532
5532
5532
5532
5533
5534
5537
5539
5539
5542,7387,9050
5543
5543
5543
5543
5543,6748
5545,7212
5549,5606,7189,7862,8913,8927,9238,9690,9821
5550
5550,6787,8401
5553
5553
5553
5553,6041,7359,8224,8311
5553
5553
5554
5554
5554,7258
5556
5556
5556
5557,6315
5557
5560
5563,8512
5566
5566
5566
5566,6016,9618
5568,8465
5568,6249
5568
5574
5575
5575,8490
5577
5583,9938
5584,5636,6525,8967
5584,7224
5584,7224,9035,9420
5587,6216
5593
5593,8096
5595
5595,8124
5595
5596
5596
5596,5717
5597
5597
5598
5598,6792
5602
5602,5759
5602
5602,6974,7532,9619
5602
5602
5603
5606
5607
5610
5611
5613,7454
5613
5613
5613
5613
5614,6394,6436,7040,8166
5614
5614
5615
5616,8152
5616,9987
5616
5616
5618,7467
5619
5621
5621,6592
5622
5627
5628
5629
5631,8252
5634,7765
5635,6904
5636,7393,9081,9855
5636,6297,6373,6618
5640
5641
5641
5642
5642,6728
5645,8683
5647
5647
5649
5649
5650
5651,7301
5651
5653
5653
5653,8559
5653
5662
5670
5671,6855,7793,8098,9343
5675
5675
5685
5686
5686
5687
5688
5692
5696,6474,7318,8475
5696
5696
5699
5699
5699
5699,8878
5700
5703
5704,9317
5706
5706,9445
5706
5706
5706
5706
5706
5706
5706
5706,9221
5706
5706
5706,8634
5706
5706,8466
5706
5706
5706
5708
5708
5709,6114,8091
5709
5709
5711
5711,8661
5711,9542
5712,6881
5712
5712
5715
5719,9787
5723
5723
5723,7290
5723
5726
5726
5726,6443
5726
5727
5727,8061
5727
5729,9472
5729
5729,9218
5730,5730
5730,9473
5730
5730
5731
5735
5736
5736
5736,6145,8942
5738,8065
5740
5740,6986,7334,7421
5751
5751
5751
5753,5996,7511,9754
5753,6326,7092
5757
5759,6952
5759
5761
5761,9942
5762
5764
5769,7121
5771,7609
5771,7851
5772
5776,6474,6748
5776
5776
5777
5778
5778
5778,7955
5778
5778
5778
5778
5778,7955
5780
5780,7361
5783
5783
5783
5783
5785
5786,8895,9311,9549
5787
5787
5787
5787
5789
5795,7214
5796
5798
5800,7820
5803
5803,7387
5803
5806,8891
5807
5807,8960
5807
5810
5813,8575
5813,6279
5815
5815
5816,7323
5817
5817,9916
5817
5817
5819
5820,7087
5820
5828
5830
5830
5835
5835
5838
5838,6169,8425
5845
5845
5845
5845
5845
5845
5845
5846
5846
5846
5850
5851
5851
5851
5851,8188
5851
5853,6557
5855,7195
5857,9552
5863
5863,6085,8332,9567
5863
5865
5867,6678,8401,9225
5867
5871,6096
5871
5872
5872
5874
5874
5876
5878
5879
5880,7256
5880,9294
5881
5883
5883
5887
5887,6067,6741,7367,9678
5888
5890,6594
5890
5890,8995
5890
5890
5891
5892
5893
5894
5897
5897
5898
5902,6459,7447
5904
5904,9035
5904
5906,6181,9651
5907
5907
5909,6142
5910
5911
5911
5918
5918
5918
5921
5922
5924
5925
5925
5926
5926
5928,6492
5929
5930
5931
5932
5933
5935
5935
5935
5937
5937,8382
5937,9442
5938
5939
5939
5941
5942
5943,7246
5943
5943,6034
5944
5945
5946
5947,8516
5948
5948
5948
5950
5950
5953
5953,7955
5953
5953
5953
5955,9659
5956,9964
5960,6830,7244,8406
5960
5960
5962
5964
5964
5964
5964
5964,7108
5965
5966
5966
5968,6302,8210
5971
5971
5971
5973
5973
5973
5975
5977
5978
5979,8389,8654
5980
5980,7749,9205
5980
5980,7521
5983
5983
5983,6105
5984
5985
5987
5994
5998
5998
6000
6000
6004,7674
6004,8228
6004,7682
6008
6008
6008
6008
6010
6016
6019
6019
6025,9020
6027
6027,6574
6028
6028
6028
6029
6029
6029
6031
6032
6032
6033
6036
6036
6037
6041,9645,9930
6041
6045,6189
6046
6048
6048
6048,6974
6050,7077,7357,7438
6050
6050
6052
6052
6054,7798
6054
6056
6059,6486
6059
6059,6561
6059
6062
6062,6639
6062
6063
6067
6067
6068
6068
6071
6071
6072
6072
6076,8194
6081
6081,6493
6082
6084,6409
6085
6085
6085,8614,8636
6086,6563
6087
6088
6088
6088,8024
6088
6088
6088
6088
6088,7079
6091
6093,9724
6096
6096
6096
6096
6096
6096
6096
6096,9267
6098
6099
6102,6189,6308,7651,8477
6102
6102
6103
6103
6104
6105
6107
6107
6107,6737
6109
6110,6631
6110,6626,6971,6988,7060,7189,7385,7942,8201,8246,8338,8533,8571,9815
6111
6112,7623,9059
6114,8124
6115
6115
6115
6116
6117,7889,8583,9336
6117,6843,7908,8649,8894,9669
6120,8056
6122
6124
6124
6127,6900,9807
6128,6363
6128
6130
6132,7241
6132,7241,8763
6134
6136
6136
6136
6142
6142
6142,7977
6142
6143
6149
6149,8809
6154
6154
6154
6155
6155,9129
6158,8919
6161,8385
6163
6165
6165,7603
6167
6169
6169
6169,9523
6170,7703
6170
6171,7650,8564
6175,6652,6800
6177
6177
6178,6759
6178
6180
6180,8469
6180,6216
6180
6181
6182,8734
6182
6184
6184,6638,8759
6184
6184
6184
6184
6186,6425
6188
6188,7045,7879
6188,8049,8766,9675
6188,6440,8766
6189
6191
6191
6194
6194
6196,9714
6196,6568
6196
6202
6202
6202
6204
6204
6206
6206
6207,6623
6207
6207
6213
6213
6213
6214
6215
6215
6216
6216
6216
6216
6216
6216,7422
6216
6216
6216
6216
6219
6221
6222
6222
6224
6224
6224
6229
6229
6229
6230
6231
6233
6234
6234,9236
6240,6485
6241
6243
6243
6248,8754
6248
6248
6250
6250
6250,8617,9451
6253,6570
6256,8874
6256,6440,7667
6258
6261
6262,6345,7011
6262,7832
6263
6265
6265
6265
6266
6266
6267,9493
6268,6365
6271
6272,8224
6272,6683
6279,6985,8370,9978
6282
6283
6283,8716
6285,7052
6286,7760
6286,7760
6286
6289,9285
6289
6293
6296
6298
6300
6300
6300
6300
6305
6305,8677
6307
6307
6308
6312,7361,8559
6312
6312
6312
6312
6315
6315
6316
6316,8565
6318
6318
6321
6321
6322,7995
6323
6327
6328
6329
6331,9401,9647
6332
6335
6342,7692,8776
6345
6348
6348
6349
6351
6351
6351
6351
6353
6357,7456
6362
6362,8004
6364
6365
6366,6379
6370
6370
6370,8108,8889
6375
6375
6378
6380
6382
6382
6382
6382,9990
6386,6418
6388
6390
6391,6402,7546,7622,7997,8795
6391
6391,6402,7546,8218,8795
6391,6402,7546,8795,9341
6391,7653
6391,6466,8292,8328,8745,9009,9423
6392
6393
6394
6394
6394
6394
6394
6394
6396
6397,7888,8708
6399
6399,8573,8975
6401
6402
6402,7546,8113
6402,7546,8795
6403,7653
6403
6405,8939,9506
6405
6407,6653,6891,8154
6407
6409,8269,8539,9363
6409
6410
6410
6410
6410
6410
6410
6412
6412
6413
6413
6415
6416
6417
6420
6420
6421
6421
6421
6421
6421
6424,7136
6424
6426,7686
6427
6432
6432
6432
6432,8224
6432
6433
6434
6434
6437
6438,6877,7836
6438,7971
6440,8636,8783,9814
6440
6441
6443
6446
6446
6447
6450,9392
6450
6450
6450
6452
6453
6454
6454,8359
6456,9220
6457
6457
6458
6458
6458
6460
6463,7200
6463,7200
6464
6465
6469
6469
6469
6470
6471
6472
6473
6473
6473
6474
6474,7948
6474
6475
6479,9726
6481,7353
6481,7115
6485,8578,8746
6485
6488,7267
6490
6490
6492
6499
6500
6500
6500
6500
6502
6503
6504,9268
6504
6504
6504
6504
6506
6506
6507
6507
6509
6509
6511
6519
6522,7393
6522
6522
6523
6525,7136
6528
6529,8322,9331
6530
6530,9864
6532
6532
6533
6535
6535
6543,9307,9374
6545,6945,7590
6545
6546
6546
6550
6552
6556,7135,9124
6557
6558
6558
6558
6559
6560
6562
6564
6565
6565,8869
6566
6566,7825,8307,9267
6570,9347
6570
6570
6570
6572
6572,7666,9129
6572,6832
6572
6573
6573
6574
6574
6578,9408
6578
6578,7551,8142
6578,8142,9234
6578,8142,9234
6582
6584
6584
6587
6587,9794
6591
6592
6592
6592
6594
6597
6597
6597
6599
6599
6600
6603
6604
6604
6605
6605
6607
6607
6608
6608
6608
6609
6610
6612
6613
6615,8625
6619,9104
6620
6620
6621
6623
6623
6623
6623,7980
6623
6623
6624
6626
6626,7189,7385,7677
6627
6628,9438
6629,7507,8168
6630
6633
6634,6946
6634
6635
6636,9907
6636,8329
6636,9384
6637,8314
6637
6637
6637
6637
6637
6638
6646
6646
6649
6651
6653
6653
6653,6924,7244,8142,9234
6653
6655,7363
6657
6659
6660
6660
6661,9523
6661
6664
6664
6665
6665
6666
6669
6669
6669,9607
6671
6674
6674
6674,7023,8597,9708
6676,7956
6676
6677
6677
6679
6679
6679
6683
6683
6687,9595
6687
6688
6689,9148
6690
6690,7822,8067
6691,8729
6691
6691,7924,9684
6691
6693
6696
6696
6696
6697
6699
6701,6798,7490,8413,8448
6701
6704
6712
6714
6718,7763
6721
6721
6723
6726,8018
6727,7788
6728,9169
6728
6737,7181,7673
6745,7333
6746
6746
6748
6748
6748
6748,9600
6748
6750,8165,8874
6751
6751
6752
6752
6753
6753,6868
6753
6753
6755
6757,7283,9419
6758
6765
6768
6768
6769,8314
6769
6770
6773
6773
6773
6773
6777
6779,8539
6779
6779
6784
6786
6786
6786
6786
6786
6787,8523
6790
6791
6791
6798
6798
6798
6798,8766
6800
6800
6801
6801
6801,9218,9341
6801
6801,7192,8797
6802
6805
6805
6806
6808
6810,8042,8759
6810
6818
6818
6819
6819
6820
6820
6825
6827
6827
6829
6831
6831
6837
6837
6837
6839
6840
6843
6843
6847
6847
6848
6851
6851
6851
6852
6852
6854
6854
6855,8098
6855,8098,8490
6855
6860
6861
6865
6865
6865
6865
6868
6872
6877
6879,7730,8700,8754,9210,9615
6879
6880,6896
6885
6885
6886
6889
6891
6892
6896
6897,8205,9807,9913
6897,7903
6899
6899
6899,9539
6899,9693,9705
6900
6901
6904
6904,7413,7999,9535,9913
6904,9167
6905,9185
6906,9157
6906,7284
6907,9003
6907
6907
6911
6913
6913
6916
6917
6917
6919
6924
6924,8271
6924
6928
6929,7145,7256,8005,8086,8108,8507
6931,7247
6934,7812
6937
6944
6946,9951
6947
6947
6948,8335
6948
6948
6948
6948
6949
6950
6952
6952,7355
6954
6954
6954
6955
6956
6956
6956
6956
6956
6956
6956
6956,8575
6956
6956
6957
6957,9961
6958
6958
6960,7434
6961
6962,8461,8839
6963
6964
6964
6964
6967
6967
6968,9398
6968
6969
6969,7134,8248
6969,9174
6969
6971
6972
6974,7437
6976
6978
6980
6981
6983
6983
6983
6983
6986,7682
6989
6990
6996
6997,9985
6999,8188
7000
7000
7000
7000,7024,8466,9570
7001
7001
7001,8359
7002
7002
7004
7004
7007
7007
7012
7013
7013,7632
7016
7018,9912
7018
7021
7021
7021
7023
7023
7023
7023,8526
7023
7025
7025
7025
7025
7025
7026
7026,8062
7026,9560
7026
7027
7028,7954,9419
7031
7031
7031
7031
7032
7033
7033,8779
7040
7041
7043
7043
7043,9610
7045
7045
7045,8745,9881
7049,7140,9444
7051
7057
7058
7062
7064
7066
7066
7066
7066
7066,7564
7066
7067
7068
7073
7073,7903,9167
7074
7074
7075
7076
7077
7077,8435
7077
7079,7563
7079
7082
7082,7551
7085
7085
7087
7087
7087
7090
7093
7095
7097
7099,8314
7102,7761
7104
7104
7104
7104,8597,9151,9496
7107
7109,8280,9492
7112,7576
7114
7118
7123,8986
7125
7125
7125
7125
7125
7125
7129
7129
7129
7129
7129,8224
7129
7130
7130
7135
7135
7135
7135,8414,9639
7136,7434,7870,9089
7137
7137
7138,8809,9714
7140,8138
7140
7141,9823
7144
7145
7145
7146
7148
7149,7662
7152
7154
7155
7161
7161,8255,8807
7164
7165
7166
7166
7166
7166,7424
7166
7167
7170,8729
7171
7172,8079
7174
7175,8905
7175,9117
7178,9771
7181,9846
7182
7183
7185,8380,9807
7188
7189,9537
7190
7190
7191
7193
7193,8379
7194
7194,9486
7194,7369
7196
7197
7200
7200,7866,8736
7200,7577,7920,8034,8179,9765,9944
7201
7202,8573,8942
7202,7369
7202
7205
7206
7206
7206
7212,7742,8306
7212
7213
7214,9255
7214
7214
7214
7214
7214
7216,9784
7221
7221
7222,9218
7224
7225
7226
7229
7229
7230
7232
7232
7232
7232
7234
7237
7242
7246,7537
7247
7250
7250,8851
7250
7251,8470,8878
7251
7252,9284
7252,9284
7252
7252
7252
7252
7253,8512,9385
7255
7255
7255,9426
7256
7258
7259,9070
7259
7261,9411
7261
7261
7261
7265
7265
7268
7268
7270,7830
7270
7270
7271
7274,8388
7276
7277,7755,8878
7278
7279,7783
7280
7280
7280
7283
7284
7285,8358,9214
7285
7286
7287
7291,8876
7291
7291
7292,7372
7292
7292
7292,7399,9497
7292
7294
7294,8441
7294,7450
7294,7450,7472
7294,8466
7294,8263
7295
7295
7295
7299
7300
7304
7310,8412
7311
7311,7664
7314,7420,8004
7315
7315
7315
7315
7315
7315
7315
7316
7316,8170
7322
7325
7325
7325,8401
7329
7329
7330,8771
7331
7332
7332
7334,7437,8573,8780
7336
7336,8425
7341
7341
7343
7345
7351
7351
7353
7357
7357
7359
7361
7361
7362
7362
7366,7582
7369
7369
7369,9543
7369
7369
7369
7371
7371,8522
7372
7372
7372
7373,7448,8810,8941
7376,9782
7376
7378
7378
7378
7379
7385
7386,7496
7386
7387,7452
7389
7389,7413,9293
7389,9293
7392
7393
7394
7399
7399
7399
7400,8206
7400
7400
7404
7405
7405
7407
7407
7412
7413
7413,8330
7416
7416
7416
7417,7551,8142,9234
7419,9865
7420
7420
7422
7422
7424
7431,8100
7431
7432
7433
7436
7436
7436
7437
7438
7438
7439,7636
7440
7441,9246
7444
7444
7444
7444
7444,9649
7449
7449
7449
7450
7450
7450
7450
7450
7450,7937
7450
7450
7450
7450
7451
7453
7453
7454,9171
7457
7457
7458
7464
7465
7466
7467
7470
7472
7472
7472
7472
7472
7475
7478
7478
7479
7480
7480
7482,8981,9314,9547
7482
7483,9316,9318,9339
7484
7484,8480
7485
7485
7485
7485
7485
7486,8885
7486
7486
7486
7487,8138
7487
7488
7488
7489
7494
7496
7496,9440
7499
7499
7500
7500
7507,9264
7507
7508,7890,8496
7511,7821
7511,7551
7514
7514,7543
7514
7516
7521
7522,7950
7527
7528
7528
7530
7531
7531
7531
7531
7531
7532
7532
7533,9066
7534
7534
7534
7535
7536
7539
7539
7543
7544
7545
7545
7545
7545
7547
7547
7548
7548
7548,8934,9993
7550
7551
7552
7552
7554
7554
7555
7555
7555,8043
7558
7558
7558
7560
7560
7561
7561
7563
7565
7567
7567
7572
7580
7581
7581
7582
7582
7585
7585
7585
7587
7587
7587
7587
7591
7594
7597
7601
7602,8115
7604
7606,8390
7609
7610
7612
7614
7617
7617,8459
7617
7618
7618
7622
7624
7626,8610,8734,9704,9708
7626
7628
7628
7631
7632
7632
7634
7636
7636
7636
7636,7636
7636,9279
7636
7636
7636
7636
7636
7636
7636
7637
7638
7640
7648
7649
7650
7656
7656
7657
7657
7659
7659
7659
7662
7662,8688
7662
7662
7663
7664
7664,8071
7665,8421
7670
7673
7673,9659,9930
7673,7988,8960
7673,8385,9582
7674,8509,8941
7675
7675,8894,9199
7677,9815
7680
7680
7682
7682
7682
7682,7815
7684,9405
7686
7686
7687
7687
7687
7688
7688,9578
7690
7692
7693
7694
7694
7695
7699
7699
7701,8532
7703
7705
7705,8991
7705
7705
7706
7706
7709
7709
7709
7710
7715
7716,9722
7716
7717
7720,7827
7723
7723
7724
7726
7726
7729
7729,9771
7731,8409,9065
7734
7735
7735
7735
7736
7739
7739
7739
7739
7739,9647
7742
7742
7743
7743
7744
7744,8762
7744
7744
7749,9038
7752
7752
7754
7754
7755
7756
7756
7757
7760
7763
7763
7763
7764
7768
7769
7771,8688,9044,9884
7772,7877,9387
7772
7772,9755
7774
7774
7777
7777
7777
7778
7778
7778
7779
7782
7783
7783
7788
7788,9424
7788
7790
7792
7793
7795,9033
7796
7796
7796,8525
7796
7796
7797
7798
7798
7798
7798
7798
7800
7800
7800
7800
7800
7800
7800
7800
7800
7801
7802
7802,7975
7804
7806
7808
7810
7810
7810
7812
7814
7814
7814
7814
7815,9535,9971
7819
7820,8448
7823
7830
7836
7837
7839
7839
7842
7842
7843,8832
7843
7843
7846
7848
7854
7854
7858
7863
7866
7867,8273
7867
7869
7871
7871
7871
7871
7871
7871
7873
7877
7878
7878
7880,8225
7882
7882
7882
7882
7882
7885,9017
7885
7885,9181,9582
7885,8981
7885
7885
7897
7897
7897
7898
7900,9552
7900
7903
7904
7912
7915
7917
7919
7922
7925
7925,7935
7925,9417
7926
7926,9179
7926
7927
7930
7930
7930,8879
7932
7936
7938
7944,9957
7944
7944
7944
7946
7948
7948
7948
7948
7948,9646
7948
7950
7950
7950
7950
7952
7953,8221
7954
7954,8836
7955
7955
7955
7955
7955
7955
7956
7956
7959
7962
7962,9190
7962
7962
7969
7969
7970,8071,8479
7970
7971,9934
7975
7975
7975
7975
7975
7975
7980,8505
7980,8227
7980
7980
7980
7985
7987
7992
7994
7995
7995
7995
7995
7997
8000,9217,9631
8001
8001,8204,8494
8001,8328,9706
8003
8003
8003
8007
8007
8007
8007
8007
8007
8007
8007
8007
8007
8009
8010
8010
8012
8013,9229
8014
8019
8021
8023
8023
8023
8024
8025,9995
8025
8025
8030
8031
8032
8032
8032
8034
8035
8044
8044
8045
8052
8056
8057
8057
8060,9745
8062
8062
8062
8063,9866
8063
8066
8069
8071
8071
8071
8071
8071
8071
8073
8080
8081
8082
8088
8091
8092
8092
8092,8701,9509
8093
8095
8095
8095
8095
8095
8095
8096
8096
8096
8100,9341
8100
8104
8107
8108
8110
8111
8113
8113
8113
8113
8113,8561
8113
8113
8114,9381
8114
8116
8118
8118
8119,9706
8122
8124
8124
8124
8124
8125
8125
8127
8129
8130
8134,8236
8135,9560,9581
8137
8139
8140,9794
8140
8140
8141,9908
8141
8141
8142
8142
8144
8144
8147
8147
8151
8151
8151
8152,9936
8153
8153
8153
8156
8157
8162
8162
8163,9152
8165
8166
8166
8166
8166
8166,8379
8169
8169
8170
8170
8175,8801,8973
8177,8961
8180
8183
8188
8188
8190
8190
8190
8190
8190
8190
8190
8195
8196,9161
8199,8812
8200
8200
8201
8204
8205
8206
8210,9357
8210
8210
8212
8212
8216
8217
8217
8218
8218
8220
8220
8221
8223
8223
8224
8224
8224
8226
8227
8227
8227
8230
8230
8231
8232
8233
8235
8235
8239
8239
8239
8247
8248
8248
8249
8249,9127
8251
8252
8253
8253
8253
8255
8255
8255
8255
8255,8379
8255
8258,8300
8259
8263
8263
8263
8263
8263
8263
8263
8263,8263,8447
8263
8263
8266
8268
8269
8269,9363,9363
8270
8270
8271
8271
8272
8276
8276
8276
8277
8284
8284
8285
8288
8288,9681
8289
8290
8292
8292,8477
8293
8294,8479
8297,9426
8297
8298
8300
8302
8305
8305
8306
8307
8312
8313
8314
8314
8314
8314
8315
8315,9680
8315
8315,8551,8741
8319
8319
8320
8320
8324
8325
8326
8327
8327
8327
8327,9450,9595
8327
8328
8328
8328
8329
8330,9881
8330
8333
8335
8335,8990
8335
8335,8759
8335
8335
8335
8336,8336
8337
8338
8338,8932
8340
8342
8342,8629
8342
8342
8342
8344
8344
8344
8347
8348,9163
8348
8350
8350
8351
8352,9930
8355
8356
8356
8356
8357,8523
8357,9990
8359
8359
8365
8365
8368
8369,8932
8372
8373
8374
8375
8376
8376
8376
8377
8379
8379
8379
8379
8380
8380
8380
8380,9212
8381
8381
8382
8382
8382
8382
8382
8382
8382
8383
8384
8385
8387
8391
8394,9950
8395
8397
8398,9062
8398
8401
8401
8403
8404,8891
8410
8414,8840
8420
8421
8423
8425
8429
8430
8432
8433
8433
8434
8436
8437
8440
8441
8443
8443
8444
8447
8447
8447,8466
8449,8566
8450
8450
8452
8453
8453,9020
8453
8454
8454
8459
8461
8461
8461
8461
8461
8462
8465
8466
8466,9555
8466
8466
8466,9445
8466
8466
8466
8466,9473
8466
8466,9445
8466
8466
8469
8471
8475
8479
8480
8480
8480
8480
8480
8481,9568
8481,8834
8481,9837
8483
8486
8486
8489
8490,9739
8490
8490
8490
8490
8493
8493,9394
8493
8494
8495,8970
8496
8496,9396
8496
8498
8498
8501
8505
8505
8505
8505
8505
8511
8512
8512
8512
8512
8512
8512
8512
8512
8512
8512
8512
8512
8512
8515
8517
8517
8517
8519
8519
8519
8519
8520
8522
8522
8523
8523
8525
8525
8526
8526
8526
8526
8526
8529
8530
8530
8530
8530
8532
8532
8532
8533
8534
8534
8534
8537
8538
8543
8546
8547
8555
8556
8559
8559
8559
8560
8560
8560
8561
8562
8565
8567
8568
8572
8573
8574
8575
8575
8575
8577
8583
8583
8585
8588,9356
8589,8762
8592
8593
8597
8597
8597
8597
8597
8597
8597
8601
8601
8602
8603
8603
8606
8606
8611
8612
8613
8616,8634
8617
8617
8625,8762
8626
8629
8629
8630
8630
8630
8632
8634
8634
8634
8634
8635
8636,9814
8637,9924
8638
8640
8642
8644
8645
8645
8646
8646
8652
8655
8656
8658
8658
8658
8661
8666
8674
8676
8677
8682,9356
8682
8684
8684
8684,9659
8685
8685
8686,8874
8688
8688
8688
8688
8688
8688
8688
8688
8688
8688,9137
8688
8690
8692
8695
8697
8697
8697
8701
8701
8703
8703
8705
8707
8707
8707
8707
8715
8716
8717
8717
8717
8717
8717
8718
8719
8720,9332
8721
8723,9220
8724
8724
8727
8728
8728,9857
8731
8732
8732
8735
8739,9833
8739,9131
8740
8741
8742
8744
8745
8747
8747
8747
8753
8754,9987
8754
8754
8754,8879
8754
8757
8759
8760
8761
8761
8763
8763
8765
8765
8765
8766
8766
8772
8772,9005
8773
8774
8777
8777
8777
8777
8777
8777
8777
8779,9715
8779
8783,9814
8783,9429,9814
8783,9814
8783
8783
8783
8784,9288
8784
8784
8784
8788
8790,9936
8791
8793
8793
8794
8794
8794
8802
8802
8803
8804
8804
8804
8804
8808
8809,9410,9759
8809
8810
8810
8812
8812
8812
8813
8813
8813
8815
8815
8816
8826
8827
8827
8828
8832
8834
8836
8841,8928
8842
8844
8845
8851
8852
8854
8854
8855
8855
8857
8859
8859
8862
8862
8868,9476
8871
8871
8871
8872,9300
8872
8874
8874
8874
8874
8874
8874
8875
8876,9148
8876
8876
8876
8876
8876
8876
8876
8877
8879
8880
8882
8882
8882
8883
8883
8886
8889
8889
8891
8892
8898
8898
8905
8908
8908
8914
8914
8915
8915
8916
8916
8919
8919
8919
8919
8919
8919
8919
8920
8920
8920
8920
8920
8920
8920
8920
8921
8921
8921
8921
8921
8924
8928
8930
8931
8932
8934
8934
8934
8935
8935,9056
8935,9212
8939
8941
8943
8945
8945
8947
8948
8953
8954
8954,9251
8955
8955
8956
8956
8958
8958
8958
8958
8959
8960
8960
8960
8961
8962
8966
8973
8975
8977,9305
8980,9355
8980
8980
8980
8981
8981
8985
8985
8986
8986
8986
8989
8990,9515
8990
8992
8993
8995
8995
8996
8999
9001
9001
9001
9001
9001
9001
9001
9001
9002
9002
9003
9005
9005
9008
9008
9011
9011
9012
9013
9013
9014,9049
9016
9017
9018
9021
9021
9021
9021
9021
9021
9021
9023
9027
9030
9030
9033
9034
9035
9038,9299
9038
9038
9039
9042
9044
9049
9051
9060
9060,9290
9061
9062
9063
9066
9067,9618
9069
9069
9070
9072
9072
9072
9076
9078
9079
9079,9241
9080
9081
9081
9081
9081
9082
9083
9083
9083
9085
9086
9086
9087
9087
9088
9089
9089
9089
9089
9090
9091
9091
9093
9095
9097
9097
9099
9100
9101,9258
9103
9104
9105
9105
9106
9106
9107
9107
9107
9108
9108
9109
9109
9109
9109
9110
9110
9115
9115
9115
9119
9120
9123
9124
9125
9126
9127
9128
9128
9129
9131
9132
9134
9137
9137
9138
9138
9138
9142,9694
9143
9145
9148
9148
9149
9149
9149
9151
9151
9152
9152
9155
9155
9156,9803
9157,9236
9157
9157
9158
9158
9158
9159
9162
9163
9163
9163
9163
9165
9166
9170
9171
9174
9178
9179
9180
9181,9646
9181
9181
9182
9183
9185
9185,9831
9187
9188
9188
9188
9188
9188
9188
9190
9191
9191
9191
9192
9193
9193
9193
9193
9193
9194
9194
9195
9195
9196
9196
9198
9198
9202
9202
9203,9515
9204
9204
9207
9208
9211
9211,9716
9211
9212,9283
9214
9214
9214
9214
9218,9757
9219
9219
9220
9220
9220
9220
9220
9220
9220
9220
9221
9221
9221
9223
9223
9223
9223
9228
9228,9378
9229
9234
9234
9236
9236
9236
9236
9237
9237
9238
9238
9241
9242
9243
9246
9247,9991
9247
9247
9248
9250
9255
9256
9258
9260
9260
9262
9263
9264
9264
9265
9266
9266
9270
9270
9271
9271
9272
9273
9276
9276
9277
9281
9283
9283
9283
9283
9284
9284
9285
9285
9285
9287,9632
9288
9290
9290
9290
9290
9290
9290
9290
9290
9292
9293
9293
9293
9296
9300
9300
9300
9300
9304
9304
9305
9305
9305
9310
9313
9317
9317
9319
9320
9320
9322
9322
9322
9328
9328
9328,9370,9394
9331
9332
9335
9335
9335
9336,9885
9338
9341
9341
9342
9342
9343
9343
9343
9344
9347
9347
9349
9349
9350
9351
9353
9353
9353
9354
9355
9355
9355
9355
9356
9357
9357
9357
9357
9357
9357
9357
9361
9362
9363
9364
9364
9365
9367
9369
9369
9369
9371
9372
9373
9375
9375
9377
9379
9379
9383
9383
9383
9384
9384
9384
9385
9385
9392
9392
9393
9393
9394
9394
9394
9394
9394
9394
9394
9397
9398
9399
9400
9402
9405
9405
9406
9409
9412
9416
9416,9446
9416
9417
9419
9419
9420
9421,9510
9422
9427
9427
9429
9429
9430
9438
9438
9438
9445
9445
9445
9445
9445
9445
9445
9445
9445
9445
9445
9449
9452
9454
9455
9455
9459
9461
9462
9465
9471
9473
9473,9858
9473
9473
9473
9474
9477
9477
9479
9480
9482
9482
9484
9486
9487
9489
9492
9493
9496
9496
9500
9500
9500
9501
9502
9503
9505
9505
9506
9506
9506
9508
9511
9511
9512
9512
9513
9513
9513
9513
9513
9514
9515
9516
9519
9523
9523,9552
9523
9523
9523
9523
9523
9523
9523
9523
9530
9530
9531
9534
9534
9537
9539
9543
9547
9549
9550
9550
9550
9550
9552
9553
9555
9555
9555
9556
9561
9563
9564
9567
9570
9570
9571
9572
9572
9573
9578
9579
9579,9752
9579,9630
9582
9584
9586
9588
9590
9590
9590
9592
9594
9594
9594
9595
9596
9599
9599
9600
9600
9600
9602
9602
9603
9603
9603
9603
9603
9605
9610
9610
9610,9829
9610
9611
9612
9612
9612
9613
9618
9618
9619
9619
9621
9623
9624
9625
9627
9629
9629
9631
9631
9631
9633
9633
9633
9637
9637
9640
9645
9646
9649
9649
9653
9653
9654
9659
9663
9665
9665
9666
9669
9670
9670
9671
9674
9674
9675
9675
9677
9677
9680
9681
9682
9682
9683
9683
9684
9684
9684
9684
9684
9684
9684
9685
9687
9689
9691,9905
9691
9691
9692
9692
9694,9925
9694,9763
9695
9695
9695
9703
9705
9705
9705
9705
9705
9705
9709
9709
9709
9709,9846
9714
9715
9715
9717
9717
9718
9719
9719
9720
9724
9726
9726
9729
9730
9730
9732
9732
9732
9733
9734
9736
9738
9743
9744
9745
9745
9745
9749
9749
9749
9749
9749
9752
9752
9755
9755
9755
9756
9756
9759
9759
9760
9760
9762
9762
9763
9766
9766
9767
9770
9770
9771
9771
9771
9773
9775
9777
9777
9779
9785
9785
9787
9788
9790
9790
9790
9792
9792
9792
9794
9794
9794
9795
9796
9797
9797
9798
9803
9806
9807
9807
9809
9809
9809
9810
9814
9814
9818
9820
9820
9820
9821
9822
9824
9824
9826
9827
9829
9829
9829
9829
9829
9829
9830
9830
9830
9830
9831
9831
9837
9837
9837
9837
9837
9839
9840
9840
9840
9840
9841
9841
9844
9845
9846
9847
9854
9854
9854
9854
9855
9855
9858
9864
9864
9866
9872
9872
9874
9875
9876
9877
9880
9880
9881
9881
9882
9885
9889
9889
9894
9894
9896
9899
9900
9900
9904
9905
9905
9908
9908
9910
9913
9914
9914
9915
9916
9917
9918
9918
9918
9918
9918
9918
9920
9920
9922
9924
9925
9928,9928
9928
9929
9930
9930
9930
9931
9934
9936
9937
9944
9945
9947
9947
9947
9947
9948
9949
9952
9957
9958
9958
9958
9962
9962
9962
9962
9964
9965
9965
9965
9966
9966
9966
9976
9978
9980
9982
9983
9984
9988
9990
9990
9991
9991
9991
9992
9995
9995
9995
9995
9995
9995
9997
9999
